id,content
746494,<p><img src=17f987e258771c2.png></p><p><img src=17f987e28e6ffbe.png></p>
753122,<p>3000円です。    計算方法は、添付の図を参考にしてください。</p><p><img src=17f9aa61489b117.jpg></p>
808906,<p>下の画像の通りです。</p><p><img src=17fab9c68dc1320.jpg></p>
756124,<p><img src=17f9b2a9769337b.jpeg></p><p><img src=17f9b2a9ac41953.jpeg></p><p><img src=17f9b2a9e76c588.jpeg></p><p><img src=17f9b2aa278d7eb.jpeg></p>
806130,<p>これでどうでしょうか？</p><p><img src=17faa6e7c3ebb49.jpg></p>
579128,<p>次のように計算します。</p><p><img src=17f68fc7a738504.jpg></p>
762154,<p><img src=17f6f8706f4c778.jpg></p>
763012,<p><img src=17f6fd7970f60fa.jpg></p>
301552,<p><img src=17f0c486fef738b.jpg></p>
301734,<p><img src=17f0c492ebbb949.jpg></p><p>解答を送信しました</p>
302338,<p><img src=17f4f6bfa403d7b.jpg></p><p>解答を作成しましたので確認をお願いします。</p>
304516,<p>どうでしょう？</p><p><img src=17f261ed6cecbcc.jpg></p>
304610,<p>未知数が3つありますから（10円玉の枚数、50円玉の枚数、100円玉の枚数）条件を3つ探しましょう</p><p><img src=17f4f7bed772127.jpg></p>
306734,<p>左がアの図、右がイの図です アでは（少しわかりづらいかもしれませんが...）図のような場合が考えられるので２つの直線は必ず平行とは限りません。 イでは２つの平面が平行ならば、その平面はどんな位置でも大きさでも交わる垂直な線はどちらにも垂直になります。</p><p><img src=17f3110a15cf764.jpg></p>
308244,<p>合ってますよ〜。参考程度に模範解答貼っときますね。 AE=xとおいています。</p><p><img src=17f29edcbce6a0a.jpg></p>
314562,<p><img src=17f52da0c6ae63f.jpg></p>
314904,<p>2020を文字でおきましょう。</p><p><img src=17f52e06c050947.jpg></p>
315082,<p><img src=17f52e0b1acff89.jpg></p>
316630,<p><img src=17f52efdf07a9c9.jpg></p><p>途中式とかは特になくて、この証明自体が解説になってます！ わからない部分は説明しますね！</p>
317596,<p><img src=17f52f869c14029.jpg></p>
318654,<p><img src=17f53004d279eb8.jpg></p><p>今後の参考になりますのでレビューをお願いします</p>
318846,<p><img src=17f53022e833072.jpg></p>
318936,<p><img src=17f53030d0f9e0b.jpg></p><p>分からないところがあれば言ってください！</p>
319052,<p><img src=17f53030c9e22f7.jpg></p><p>以上1枚が解答です。</p>
319058,<p><img src=17f5304413bc210.jpg></p><p><img src=17f530447ca4b03.jpg></p>
319322,<p><img src=17f5305d7ddc8df.jpg></p>
319984,<p><img src=17f530b77d1df07.jpeg></p><p><img src=17f530b7b4ff01b.jpeg></p><p><img src=17f530b7f7af39a.jpg></p>
320086,<p><img src=17f52f7431dc3e1.jpg></p><p>質問がありましたら、遠慮なくどうぞ！</p>
320420,<p><img src=17f53102f1fc941.jpg></p>
321820,<p><img src=17f5322484afdc4.jpg></p>
321922,<p><img src=17f532237433b5d.jpg></p>
324562,<p><img src=17f533882b99448.jpg></p>
325886,<p><img src=17f534294d4caa4.jpg></p>
326876,<p><img src=17f534acbce0475.jpg></p><p>質問があれば言ってください</p>
330396,<p><img src=17f5e99f157a2a5.jpg></p>
335828,<p>球の公式を使って解きます。</p><p><img src=17f68ad26084cb3.jpg></p>
349874,<p>こちらが答えです。 因数分解を思い出してください。 因数分解をするために無理やり、2xyという項を足して、2xyを引いています。 やっていることは等式に0を足していることと同じです。 因数分解が出来たら、数字を代入して終わりです。</p><p><img src=17f68bdc46b4240.jpg></p>
395372,<p>A÷B＝A/B  と  約分が理解できれば簡単です。    分かりにくかったら一番下の図を見てください  A/B÷C/D  ＝A/B/C/D  ＝A/B×D/C/C/D×D/C  ＝A/B×D/C/１  ＝A/B×D/C    計算しやすいように÷を/にして約分していくと結果  分数÷分数が分数×逆数になるだけです。    下図の真ん中の約分は分数の分母と分子に同じD/Cをかけているだけです。  （分母と分子に同じ数をかけるのは問題ありません）  最初に分数÷分数を教えるときは約分と÷を/にする計算が難しすぎるから教えないだけじゃないでしょうか？</p><p><img src=17f68d44d02da16.jpg></p>
426806,<p>可視化しますと図のようになります。  「父と兄の年齢を加えると67」の中から  「父と弟の年齢差38」と「兄弟の年齢差3」を引くと  弟の年令の二倍が出て来ます。    (67−38−3)÷2=13    あとは弟の年令13歳を足がかりに解きます。</p><p><img src=17f68f467acd8c7.jpg></p>
1094908,<p><img src=17fd4f9ecdfb450.jpg></p><p><img src=17fd4f9ef6f46f9.jpg></p><p>分からないところがあれば質問して下さい！</p>
1131668,<p><img src=17fddaf2b069be1.jpg></p><p>平均値、偏差、分散、の順に求め算出します</p><p>答えは➁の2cmです</p>
1136024,<p><img src=17fdeb898199625.jpg></p><p><img src=17fdeb899a1f820.jpg></p><p>これで分かりますか？  (b)はネットで見つけた解説のスクショなので見づらかったらすいません。</p>
1195836,<p><img src=17fe43d5bb7a4e5.jpg></p><p>こんな感じでどうでしょう？</p>
738032,<p>メモの2×3って可愛いな笑笑</p><p><img src=17f959880af0331.jpg></p>
754948,<p><img src=17f9b24dbb4753b.jpeg></p><p><img src=17f9b24df1b84cb.jpeg></p><p><img src=17f9b24e270cb06.jpeg></p>
769630,<p>これでどうでしょう</p><p><img src=17fa0079a160aa9.jpg></p>
303194,<p><img src=17f4f6990a98c43.jpg></p>
303432,<p><img src=17f4f6c2932e9bc.jpg></p><p>勉強がんばってください！</p>
303912,<p><img src=17f4f70b696c9a2.jpg></p><p>これでどうでしょうか？</p>
307464,<p>解説してみました。 お役に立てればと思います。 もしわからないことや見にくいことがありましたら言ってください。</p><p><img src=17f2887bbad30ee.jpg></p>
314094,<p><img src=17f4f81b3ecc384.jpg></p><p>はじめまして^ ^このような形になります。よろしくお願いします。</p>
314192,<p><img src=17f4f82b09a7f18.jpg></p><p>質問がありましたら、遠慮なくどうぞ！</p>
314368,<p><img src=17f4f854b003f2d.jpg></p>
315272,<p><img src=17f52d61c5c1ba4.jpg></p>
317012,<p><img src=17f52e6c06ecd89.jpg></p><p><img src=17f52e6c3243a2e.jpg></p><p><img src=17f52e6c820ff1b.jpg></p><p><img src=17f52e6cc44f280.jpg></p><p><img src=17f52e6cf636afe.jpg></p><p><img src=17f52e6d330b688.jpg></p><p><img src=17f52e6d6bf2f7a.jpg></p>
317102,<p><img src=17f52e7b37e68fe.jpg></p><p>難しいとは思いますが頑張ってください</p>
317112,<p><img src=17f52e873a00e22.jpg></p>
317266,<p><img src=17f52ea6befc1ca.jpg></p><p>どうでしょう！</p>
318370,<p><img src=17f52f4718a2f73.jpg></p><p>よろしくお願いします！</p>
323450,<p><img src=17f53263992247a.jpg></p><p>です！ このブーメランは360度なので、360度からわかってる角度を引いて求めることができます！</p>
324260,<p><img src=17f532e56cd6f48.jpg></p>
325618,<p><img src=17f53392a906ec8.jpg></p><p>こんな感じですね！疑問点がありましたら遠慮なく仰って下さいね！お疲れ様でした！</p>
327034,<p><img src=17f5345e66540cb.jpg></p>
329394,<p><img src=17f53585d89d0ec.jpg></p><p>上の解説でわからないところがあれば質問してくださいね( ´ ▽ ` )ﾉ</p>
404560,<p>食塩水は表のようにするとしきが分かりやすいと思います。</p><p><img src=17f68dca6e271e1.jpg></p>
940964,<p>不明点あれば質問お願いします????</p><p><img src=17f8dceba2d04ed.jpg></p>
942870,<p>ｙ＝2/xになるので、ｘ＝１を代入して解きます。</p><p><img src=17f8e4ca66a919e.jpg></p>
989544,<p><img src=17f9896b34378c6.jpg></p>
1106264,<p><img src=17fb66788c19e13.jpeg></p><p><img src=17fb6678d95bcc9.jpeg></p><p><img src=17fb667926fa65c.jpeg></p><p><img src=17fb66796c7a428.jpeg></p><p><img src=17fb6679b912dfa.jpeg></p><p><img src=17fb667a007db3b.jpeg></p>
305992,<p><img src=17f4f6f565eb24b.jpg></p>
307036,<p><img src=17f4f782af3267b.jpg></p>
308000,<p>こんな感じです！</p><p><img src=17f30535b9bb4e4.jpg></p>
309482,<p>わかりづらいところあったら、きいてください◎</p><p><img src=17f287cece50a39.jpg></p>
314386,<p>こんな感じです。二つに分けた三角形の高さは変わらないため面積を半分にするには底辺を半分にする必要があるということに気づけば簡単に解けます！</p><p><img src=17f2f549c97f63d.jpg></p>
317622,<p><img src=17f52d62335ca9c.jpg></p>
317832,<p><img src=17f52d70b4abb9b.jpg></p><p>これは(2)のみですか？ それとも、2枚目に上げてあるように1と3もですか？</p>
318528,<p><img src=17f52e138368937.jpg></p><p>はじめまして^ ^ このようになります。 よろしくお願いします。</p>
318566,<p><img src=17f52e072e72f6a.jpg></p><p><img src=17f52e077534f96.jpg></p>
318704,<p><img src=17f52e20d967853.jpg></p>
318980,<p><img src=17f52e5c8a00e2f.jpg></p>
319006,<p><img src=17f52e524f4a4d7.jpg></p><p><img src=17f52e527e233ed.jpg></p>
319390,<p><img src=17f52e89044c1b0.jpg></p>
319924,<p><img src=17f52ee645b8a9e.jpg></p>
320232,<p><img src=17f52f1a2cc8e95.jpg></p><p>不明点あれば聞いて下さい！</p>
320286,<p><img src=17f52f1aa610890.jpg></p>
320318,<p><img src=17f52f21a6174c2.jpg></p><p><img src=17f52f21eff12af.jpg></p><p><img src=17f52f2239ff5c9.jpg></p><p><img src=17f52f227930da6.jpg></p><p><img src=17f52f22bb74b9b.jpg></p>
320636,<p><img src=17f52f47f74f6b6.jpg></p>
320936,<p><img src=17f52f741b89bfd.jpg></p><p><img src=17f52f747ed0450.jpg></p>
321750,<p><img src=17f52fd833c067d.jpg></p><p>こんな感じでどうでしょうか。 分かりにくいところがあれば遠慮なく再質問してくださいね！</p>
321896,<p>ちょっと待ってください</p><p><img src=17f52fed20e7d1f.jpg></p>
322656,<p><img src=17f5304f3a61bb2.jpg></p>
322674,<p><img src=17f5305c6f3d1c1.jpg></p><p><img src=17f5305cb7cbdbc.jpg></p>
322808,<p><img src=17f53079aea619d.jpg></p><p><img src=17f53079ec3f3e7.jpg></p><p><img src=17f5307a1c52a7d.jpg></p>
323334,<p><img src=17f530a9150d900.jpg></p>
325878,<p><img src=17f5325f77f42a9.jpg></p>
325886,<p><img src=17f53288b298a5a.jpg></p>
326418,<p><img src=17f532ca8d7345b.jpeg></p><p><img src=17f532cab098f00.jpeg></p><p><img src=17f532cad1547ef.jpeg></p><p><img src=17f532cb05694a9.jpeg></p><p><img src=17f532cb486aec2.jpeg></p><p><img src=17f532cb772837b.jpeg></p>
327578,<p><img src=17f533750c6abda.jpg></p>
330086,<p><img src=17f534bbad94827.jpg></p>
331278,<p><img src=17f53574f8c4dbd.jpg></p>
332156,<p><img src=17f5361d95f99c1.png></p><p><img src=17f5361dcd8be16.png></p>
333548,<p><img src=17f5f7a20483b77.jpg></p>
385200,<p>図のように    △OPM は直角三角形であり    OP = 半径 = 8cm    OM = 2cm なので三平方の定理より    PM² = OP² - OM² =8² - 2² = 60    PM = 2√15    よって PQ = 2PM = 4√15 cm    ですね(*^∇^)/</p><p><img src=17f68c6918468f7.jpg></p>
392798,<p>一次関数  y=mx+n  に置いて、  xの値がaからbまで変化したとき  xの増加量は、b-a  yの増加量は、(mb+n)-(ma+b)=m(b-a)  yの変化の割合は、  m(b-a)/(b-a)=m      (回答)  y=3x-2  xの変域が不明です。    a÷b=a/b  とします。    y=24/x  xの値が2から6まで変化したとき、  xの増加量は、6-2=4  yの増加量は、  (24/6)-(24/2)=4-12=-8  変化の割合は、  (-8)/4=-2    ((参考))  A(2
402278,<p>(1)  □OABC=(3+6)*4/2  =18  (2)  ①  △OAEの底辺をy軸とすると高さはA(x)  △OAE=OE*4/2=18/2  OE=18/4  =9/2  座標 E(0
399594,<p><img src=17f0c493f96c135.jpg></p><p><img src=17f0c4941e0dfc6.jpg></p>
400458,<p><img src=17f4f6c5b704683.jpg></p><p>分数の分母を、先に消すことを意識してみてください！</p>
400882,<p><img src=17f4f70a3593140.jpg></p><p>このようになります</p><p>質問等なければ評価をお願いします！</p>
401570,<p><img src=17f4f7669438b6b.jpg></p><p><img src=17f4f766f0a6a41.jpg></p><p><img src=17f4f7673615ee9.jpg></p><p><img src=17f4f7676a2df97.jpg></p>
405338,<p>間違っていたらごめんなさい！</p><p><img src=17f32b5df072efb.jpg></p>
413704,<p>説明が下手ですみません</p><p><img src=17f3298395199a3.jpg></p>
414044,<p>1枚目は練習5の解説です！ 2枚目は練習6の解説です！ 三平方の定理を理解してたら段々解けるようになってくると思うので頑張ってください??</p><p><img src=17f300ed15d389a.jpg></p><p><img src=17f300edfca1bd9.jpg></p>
414266,<p><img src=17f4f7f7bc26cf8.jpeg></p><p><img src=17f4f7f7f441378.jpeg></p><p><img src=17f4f7f82963ef4.jpeg></p>
415870,<p><img src=17f52d1cc35d439.jpeg></p><p><img src=17f52d1d713e8fe.jpeg></p>
415958,<p><img src=17f52d1b7520901.jpeg></p><p><img src=17f52d1ba2e43cc.jpeg></p><p><img src=17f52d1be29a347.jpeg></p><p><img src=17f52d1c23480db.jpeg></p><p><img src=17f52d1c4e56ed6.jpeg></p><p><img src=17f52d1c7a42d32.jpeg></p><p><img src=17f52d1cc3b9f82.jpeg></p><p><img src=17f52d1d6ffa54f.jpeg></p><p><img src=17f52d1db22d40a.jpeg></p><p><img src=17f52d1df9e04f0.jpeg></p>
416830,<p><img src=17f52db10cdcef8.jpg></p><p>このようになります</p>
417114,<p><img src=17f52dea4d51872.jpg></p><p>これでどうでしょう</p>
417192,<p><img src=17f52debbd38d7d.jpg></p><p><img src=17f52debf141727.jpg></p>
418606,<p><img src=17f52e8cc0c9b43.jpg></p>
418886,<p><img src=17f52ebc47ec10d.jpg></p><p>中国と世界の人口は教科書と違っていましたら、 教科書通りに直してください。</p>
419284,<p><img src=17f52ef381dc081.jpg></p>
419492,<p><img src=17f52eff3613227.jpg></p>
420020,<p><img src=17f52f3cf9d71f5.jpg></p><p>大丈夫でしょうか？</p>
420384,<p><img src=17f52f568a17e5c.jpg></p><p><img src=17f52f56e8482e7.jpg></p>
420966,<p><img src=17f52fa4df2e58a.jpg></p><p>わからないところはありますか？</p>
420972,<p><img src=17f52f9685bc4a6.jpg></p>
422046,<p><img src=17f52ffb024804e.jpg></p><p><img src=17f52ffb4be04fb.jpg></p><p>図の左に書いてある線(折り返しているところ)が対称の軸です</p>
422430,<p><img src=17f5302193c6f66.jpeg></p><p><img src=17f53021dfc5771.jpeg></p><p><img src=17f5302230ce52d.jpeg></p><p><img src=17f530227d07a77.jpeg></p>
422726,<p><img src=17f53052331ce75.jpg></p>
427272,<p><img src=17f532a728e2a04.jpg></p><p>情報公式の一番上の公式を使います(^^)</p><p><img src=17f532a74cc4f74.jpg></p>
428294,<p>分母を2、4、6の最小公倍数である12で通分してください！そうすると分子はそれぞれひだりから、6、9、2となり、答えは6分の17となります！</p><p>解答を書いた画像を送りたいのですが、何度試しても画像が送れないので少しお待ちください。改めて送ります！</p><p><img src=17f532e89ec08df.jpg></p><p>お待たせしました。</p>
428440,<p><img src=17f5330241bcaba.jpg></p>
428654,<p><img src=17f53320661b200.jpg></p>
428900,<p><img src=17f5333cfd9119f.jpg></p>
429168,<p><img src=17f533683736441.jpg></p>
430108,<p><img src=17f533b1051d87d.jpg></p>
430112,<p><img src=17f533c22437881.jpg></p><p>縦長になってしまったのと計算ミスをしてしまったので下の写真を見てください</p><p><img src=17f533c260ecae0.jpg></p>
430196,<p><img src=17f533c095a47a3.jpg></p>
430756,<p>-4で両辺を割るので、各項の符号が変わることに注意ですね！</p><p><img src=17f534142b369c5.jpg></p>
430842,<p><img src=17f534145cb5435.jpg></p>
431800,<p><img src=17f53472641ac73.jpg></p><p>勉強がんばってください！評価のほどよろしくお願いします</p>
432852,<p><img src=17f534b81e10955.jpg></p><p><img src=17f534b841daae3.jpg></p>
433404,<p><img src=17f535159b71c3d.jpg></p>
434448,<p><img src=17f53594592969e.jpg></p><p>何か質問が有れば連絡下さい</p>
434452,<p><img src=17f5357bf674176.jpg></p>
434586,<p><img src=17f535885dd0a42.jpeg></p><p><img src=17f53588a35aaa5.jpeg></p>
437128,<p><img src=17f5cf1c811fc47.jpg></p><p>どうぞ！</p>
442412,<p>あってるはず</p><p><img src=17f68a827c4a0d4.jpg></p>
567990,<p>計算したらこうなったのですが質問者さんが仰ってる答え本当にそれで合ってますか？ 違っていたら計算し直しますのでまた仰ってください</p><p><img src=17f68f593f27edf.jpg></p>
601604,<p><img src=17f6cdc559aad24.jpg></p><p>これでどうでしょう</p>
603366,<p><img src=17f6daef140d103.jpeg></p><p><img src=17f6daef5ea40be.jpeg></p>
757994,<p>同時に2枚やカードを取り出す系の問題は表を書くと分かりやすいですよ。  同時にカードを取り出しだすので同じカードは2回引けません。そうゆう場合は表に斜線を引きます。</p><p><img src=17f6ebf0366bf07.jpg></p>
765580,<p><img src=17f71ce89f40b25.jpg></p><p>８方向書いたら繋いでok</p>
739206,<p>これで分かりますか？</p><p><img src=17f95ed2afed7eb.jpg></p>
754476,<p><img src=17f9b1399273b71.jpg></p><p>わからなければ、質問してください</p>
754854,<p><img src=17f9b2a97108e72.jpg></p><p><img src=17f9b2a9a4f5f2b.jpg></p><p><img src=17f9b2a9e746aaf.jpg></p>
791666,<p>どうぞ</p><p><img src=17fa65c807030fa.jpg></p>
1193438,<p><img src=17fe43d80a6aa51.jpg></p><p>どうでしょうか？ 質問あれば遠慮無くどうぞ！</p>
303658,<p><img src=17f0c496d248a8e.jpg></p>
303694,<p><img src=17f4f6541abd7ba.jpg></p><p>分からないところがあれば気軽に聞いてください！</p>
304900,<p><img src=17f4f7323fd835a.png></p><p><img src=17f4f73268d3075.png></p>
308580,<p>解答 和 [-4x+3] 差 [8x-11] 解説 和は加法だから(2x-4)＋(-6x+7)で計算をする 差は減法だから(2x-4)－(-6x+7)で計算をする </p><p><img src=17f3106d89c9db2.jpg></p>
316054,<p><img src=17f52d6350a937f.jpg></p>
316688,<p><img src=17f52dd22be2106.jpg></p>
317028,<p><img src=17f52e23f8e6cb7.jpg></p>
317080,<p><img src=17f52e230512411.jpg></p>
318160,<p><img src=17f52eba75f3e67.jpg></p>
318594,<p><img src=17f52efeef048e6.jpg></p>
318848,<p><img src=17f52f216469a80.jpg></p>
319144,<p><img src=17f52f4c793e0cf.jpg></p>
319446,<p><img src=17f52f74e0a9a93.jpg></p>
319842,<p><img src=17f52fa144aa826.jpg></p>
319946,<p><img src=17f52fb07ec39fa.jpg></p><p>こうなります</p>
320812,<p><img src=17f53021811c202.jpg></p><p><img src=17f53021c277bb2.jpg></p><p><img src=17f53021fe71611.jpg></p>
321582,<p><img src=17f5308cf4a7f24.jpg></p><p>分からないことがあればなんでも聞いてください。</p>
321634,<p><img src=17f530804846b4e.jpg></p>
321828,<p><img src=17f530acfd778cb.jpg></p><p>疑問点、不明点あればお伝え下さい！</p>
323852,<p><img src=17f532338c61f1d.jpg></p>
324470,<p><img src=17f5329035070ca.jpg></p>
325368,<p><img src=17f5331f647ec6e.jpg></p><p><img src=17f5331fcbd1c25.jpg></p><p><img src=17f533201178faa.jpg></p><p><img src=17f5332044da15a.jpg></p><p><img src=17f533207d37cea.jpg></p><p><img src=17f53320c29bf72.jpg></p><p><img src=17f53320f243ee6.jpg></p><p><img src=17f533215698602.jpg></p>
328110,<p><img src=17f5347d8dec387.jpg></p>
328166,<p><img src=17f5348b15bed49.jpg></p><p>ご質問ありがとうございます！</p><p>分からないところがありましたら質問お待ちしております。</p><p>分かりましたら評価をお願いいたします。</p>
329072,<p><img src=17f534f3cc27ddd.jpg></p>
329454,<p><img src=17f535496d7dc80.jpg></p><p>画像で失礼します。見づらい部分があれば再質問にて教えてください！</p>
329992,<p><img src=17f53578d088261.jpeg></p><p><img src=17f535791ad6460.jpeg></p>
331040,<p><img src=17f52e539d57147.jpg></p>
331848,<p><img src=17f5b3468afc745.jpg></p><p><img src=17f5b346b144bbf.jpg></p>
335584,<p>★公園の面積  ↓  一人当たりの面積を求めて、狭い方が混んでいることになります。    ★肉の問題  ↓  1g当りの値段を求めて、それに700gをかけます。    ★国社理数の4教科合計点から、国社理の3教科の合計点を引いた点数が算数の点数になります。</p><p><img src=17f689909079316.jpg></p>
338922,<p>y=-2x²になります</p><p><img src=17f68aedb7ac5d9.jpg></p>
386976,<p>フェン図（ベン図）で考えると分かりやすいです。    Ｑ、そばが好きでうどんが嫌いな男子が６０人、そばとうどん両方とも好きな女子が８０人だったとき、そばとうどんの少なくともどちらか一方が好きな生徒は男女合計で何人いますか？    そばが好きでうどんが嫌いな男子が６０人ということから  そばとうどんの両方好きな男子が110人いることがわかります。  よってうどんのみ好きな男子は10人。    そばとうどん両方とも好きな女子が８０人ということから  そばのみ好きな女子が20人  うどんのみ好きな女子10人。  ということがわかるので、そばとうどんの少なくともどちらか一方が好きな生徒は男女合計は  60＋10＋20＋10＝100人  になります。    Ｑ、そばもうどんも嫌いな生徒は男女合計で２０人だったとき、そばとうどんのどちらか一方だけ好きな生徒は男女合計で何人いますか？  この問題も同様にして  そばもうどんも嫌いな生徒は男女合計で２０人なので  そばのみ嫌いな生徒の男女合計は60人  うどんのみ嫌いな生徒の男女合計は120人  となるので、そばとうどんのどちらか一方だけ好きな生徒は男女合計は  120＋60＝180人になります。    ※図について  図の黒文字は問題で定義されている数、赤文字はそれらから導出された数になります。  また上の図が最初の問に関する図で、下の図が次の問に関する図です。</p><p><img src=17f68ca51a44c4e.jpg></p>
795782,<p>このように考えました。</p><p><img src=17fa702018e33ce.jpg></p>
970678,<p><img src=17f9349d530d329.jpg></p>
972866,<p><img src=17f93c62fc0f3b8.jpg></p>
976354,<p><img src=17f9480136948aa.jpg></p><p><img src=17f948016bf946c.jpg></p><p>また何かあれば再質問してください。</p>
1459480,<p><img src=17fd5a7df93e258.jpg></p><p>解答に関して疑問があればここで質問してくださいね</p>
1511966,<p><img src=17fdf0678c4e893.jpg></p>
1589820,<p><img src=17fe43d00850860.jpg></p>
1589898,<p><img src=17fe43d8220750d.jpg></p><p><img src=17fe43d87e4141f.jpg></p><p>不満な点が無ければ、評価を5にしてくださるとうれしいです。</p><p>評価5未満にされる場合、｢必ず｣理由を書いてください。</p><p>分からないこと等がある場合は｢評価する前に｣再質問してください。</p>
303752,<p><img src=17f0c4965c4fd36.jpg></p><p><img src=17f0c496a238baa.jpg></p>
304958,<p><img src=17f4f73b584531a.jpg></p><p>分からないところがあれば質問して下さい。</p><p>評価をお願いします。</p>
304992,<p><img src=17f4f73793e9330.jpg></p><p><img src=17f4f737b874fd0.jpg></p><p>さらに解説してほしい所があれば聞いてください！</p>
305750,<p><img src=17f4f7b1e4e627f.jpg></p><p>これでどうですか？</p>
306210,<p>これ、答えはありますか？ 間違えていたら申し訳ないのですが、一応解いてみました。 久しぶりにこのような問題を解いたので、間違えているかもしれませんm(_ _)m あと、急いで書いたので、字が汚いです笑 すみません??</p><p><img src=17f25fe36c47170.jpg></p>
309880,<p>こういう感じなのですがどうでしょうか、、！ わからなければ聞いてください！</p><p><img src=17f2a19a5ce5451.jpg></p>
309932,<p>見にくいかもしれませんが、</p><p><img src=17f2a2a88443c63.jpg></p>
314936,<p><img src=17f4f8275d7564d.jpg></p><p><img src=17f4f8278a95dc8.jpg></p>
316146,<p><img src=17f52d64a071a1d.jpg></p>
316464,<p><img src=17f52da1d39aa24.jpg></p><p>わからないところがあれば質問してくださいね( ´ ▽ ` )ﾉ</p>
317856,<p><img src=17f52e8729cb501.jpg></p>
318596,<p><img src=17f52efd2cb3a0a.jpg></p><p>分かりにくいところがあれば質問してくださいね。</p>
318656,<p><img src=17f52f12355d630.jpg></p><p><img src=17f52f127bb02e8.jpg></p>
319176,<p><img src=17f52f48ce9d201.jpg></p>
319534,<p>ちょっと待ってくださいね！</p><p><img src=17f52f8071b568e.jpg></p>
320836,<p><img src=17f5303eb3e7dc1.jpg></p>
320964,<p><img src=17f5304e6f57bb4.jpg></p>
321068,<p><img src=17f530628c1dbd2.jpg></p><p>この問題の解き方です。確認よろしくお願いします。</p>
321934,<p><img src=17f530fdda8a122.jpg></p><p>わからないところがあれば質問して下さい</p>
324626,<p><img src=17f532b53610008.jpg></p><p>解答を送信しました</p>
325746,<p><img src=17f53369917d26c.jpg></p>
326722,<p><img src=17f533dfabbfb01.jpg></p>
327482,<p><img src=17f5345019ee8f4.jpg></p>
328004,<p><img src=17f534903e2e8e9.jpg></p>
328074,<p><img src=17f534a7900fafc.jpg></p>
328936,<p><img src=17f53510dd0a81f.jpg></p><p>今回の問題の解答、解説です。他に気になることがあったら再質問してください。</p>
328970,<p><img src=17f5351345e40f1.jpg></p><p>理解しにくい所あれば遠慮なく言ってくださいね！</p>
331952,<p><img src=17f5e5220b8be4f.jpg></p>
728162,<p><img src=17f92d3602885ad.jpg></p>
819536,<p>こうです</p><p><img src=17fafa3a0e3d04c.jpg></p>
302504,<p><img src=17f0c487e496551.jpg></p><p>このようになります！</p>
302580,<p><img src=17f0c49187ad3bb.jpg></p>
302758,<p>分数を無くすため、両辺に分母の公倍数をかけます！</p><p>分子は()をつけて計算しましょう、計算ミスしやすいので????</p><p><img src=17f4f66edbcab74.jpg></p>
303178,<p><img src=17f4f6bb416d46f.jpg></p>
303548,<p><img src=17f4f6fa0a82d86.jpg></p><p>こちらになります。 確認お願いしますm(_ _)m</p>
305318,<p>これを見てください。</p><p><img src=17f305f57ab0d62.jpg></p>
310800,<p>分布のことがわからないから、分布のことを書いている訳がありませんですし、分布がどうなるかなんて分かる訳がないです。 正確にいうと、箱ひげ図から大雑把な分布はわかります。(45〜55の間に10人分のデータがあるなど)それ以上の細かな分布は読み取れません。</p><p><img src=17f32e3c16d6663.jpg></p>
314414,<p><img src=17f4f86c2032834.jpg></p>
314978,<p><img src=17f52d59070c8d7.jpg></p>
315176,<p><img src=17f52d67e3f8e24.jpg></p><p>解答を作成しました。いかがでしょうか？またわからないところがあれば教えてください。対応します！</p>
315304,<p><img src=17f52d949f5eccf.jpg></p>
316696,<p>解答に少々お時間をいただきます</p><p><img src=17f52e7091fb4fe.jpg></p><p><img src=17f52e70c6b47c2.jpg></p><p><img src=17f52e71390d98a.jpg></p>
318444,<p><img src=17f52f74ee142d5.jpg></p><p>分からないところがあったら教えてください</p>
318720,<p><img src=17f52fa340bf1eb.jpg></p>
318784,<p><img src=17f52fa19f5c509.jpg></p><p>細かい部分で分からないところがあれば質問してください</p>
318930,<p><img src=17f52fa60b75a30.jpg></p><p>これでどうでしょうか？</p>
319028,<p><img src=17f52fcd9734b44.jpg></p><p>よろしくお願いします！</p>
320544,<p><img src=17f5308cc722152.jpg></p>
320702,<p><img src=17f530991c9e505.jpg></p><p>いかがでしょう</p>
321866,<p><img src=17f5319045115c4.jpg></p><p><img src=17f53190987e431.jpg></p>
323382,<p><img src=17f53262fc0d09a.jpg></p><p>わからんことあれば教えてくださいね☺️</p><p>あと、評価おねがいします</p>
325086,<p><img src=17f5322484afdc4.jpg></p>
326750,<p><img src=17f5344f4fe4457.jpg></p>
327154,<p><img src=17f5348a0e4b497.jpeg></p><p><img src=17f5348a5643bcb.jpeg></p><p><img src=17f5348a8cd94cc.jpeg></p><p><img src=17f5348ada03417.jpeg></p>
327448,<p><img src=17f534ace8e00de.jpg></p><p>こんにちは！これはx+yをAとかにおいてみると、見慣れた展開できる式になると思います！ 何か分かりにくい所があれば遠慮なく聞いてくださいね！</p>
331260,<p><img src=17f64ccc3b64ecf.jpg></p><p>難しいとは思いますが頑張ってください</p>
731580,<p><img src=17f931466cde83e.jpg></p><p><img src=17f9314692ba343.jpg></p><p>このようになります！</p>
752288,<p>グラフは文章ではお答え出来ないので、画像を載せておきます。</p><p><img src=17f99c01966eaff.jpg></p>
759382,<p><img src=17f9be5c4d02bb3.jpg></p>
807348,<p>言葉足らずではありますが…</p><p><img src=17faa6e8bee48df.jpg></p>
836264,<p><img src=17fb6678923c573.jpg></p><p>ミスや疑問があれば質問してください！</p>
734292,<p>満席、たかしは立ち乗り  バスの上には概算で20人</p><p><img src=17f946441c4778c.jpg></p>
799730,<p>写真なので見にくいかもしれませんが</p><p><img src=17fa8989dd75b20.jpg></p>
1078594,<p>解きました！</p><p><img src=17fd09cf3368ca6.jpg></p><p><img src=17fd09d327ecf8c.jpg></p>
1103926,<p><img src=17fd5a7e0946a3f.jpeg></p><p><img src=17fd5a7e550c7cc.jpeg></p><p><img src=17fd5a7e9c5b92d.jpeg></p>
1205040,<p>余分なものが写り込んでしまい申し訳ありません。</p><p><img src=17fe5027b7cd366.jpg></p>
1210022,<p>こんな感じですかね    長くなってしまったので残りはこちらに置いておきます  https://ameblo.jp/kumachan-karakkaze/entry-12304253446.html    一番上です</p><p><img src=17fe615f341d818.jpg></p>
302256,<p><img src=17f0c4883d2b35a.jpg></p>
302370,<p><img src=17f0c48c49acfe1.jpg></p><p>こんな感じでどうでしょうか？</p>
302562,<p><img src=17f4f66fdb8fc4c.jpg></p>
303432,<p><img src=17f4f70b023f2f5.jpg></p><p>解答を作成しました。いかがでしょうか？またわからないところがあれば教えてください。対応します！</p>
314372,<p><img src=17f4f86a47ded7a.jpg></p><p>考える手順 1.最後分速100mで1500m進んだとき、15分かかる。 2.忘れ物に気づいた地点までかかった時間の半分の時間で忘れ物を取りに帰れる。</p><p>これらを考慮すれば、作図できます！</p><p>忘れ物を取りに帰ってるときと、最後学校に向かうときの速さは同じなので、符号は違えどグラフの傾き具合は同じになります！</p>
317224,<p><img src=17f52edf3476226.jpg></p><p>大丈夫でしょうか？</p>
317976,<p><img src=17f52f2c257b802.jpg></p><p>このように解きます！</p>
318172,<p><img src=17f52f45b0d3d48.jpg></p><p>はじめまして^ ^ このようになります。 よろしくお願いします。</p>
318810,<p><img src=17f52f9fccc58ac.jpg></p><p>Altair さん、勉強頑張っていますね！こちらが回答になります。 参考にしてくださいね。 他、何か質問があれば遠慮なく聞いてください^ - ^</p>
319472,<p><img src=17f52ff8e0c2c80.jpg></p>
319660,<p><img src=17f53021689ad3e.jpg></p>
319690,<p><img src=17f53015ff14ac6.jpeg></p><p><img src=17f530164794ee3.jpeg></p><p><img src=17f530167c11dfb.jpeg></p><p><img src=17f53016b0ba405.jpeg></p><p><img src=17f53016ec38364.jpeg></p>
320228,<p><img src=17f530531fff52a.jpg></p><p>わからないところがあったら言ってください！</p>
322462,<p><img src=17f531e8d91d24f.jpg></p>
322904,<p><img src=17f532288c48996.jpg></p><p>こうなります！</p>
323218,<p><img src=17f53243606a9f7.jpg></p>
324230,<p><img src=17f532e225f53e2.jpg></p>
326628,<p><img src=17f53438a781a75.jpg></p>
327472,<p><img src=17f534ca9c4732b.jpg></p><p>原則、下記に赤字で示してある展開方法で展開する必要があります。 これらは暗記ですね  これでどうでしょうか？？</p>
327574,<p><img src=17f534d7c1e98f3.jpg></p><p>あ、すみませんどこか間違っているので解説を作り直します…</p><p><img src=17f534d86b21a1a.jpg></p><p>こうですね。遅くなってしまい申し訳ないです。</p>
328566,<p><img src=17f53583c882407.jpg></p><p>分からないところがありましたら質問下さい。</p>
330756,<p><img src=17f5d7e438d8464.jpg></p>
330880,<p><img src=17f5f4c74c26c08.jpg></p>
304910,<p><img src=17f4f6fd82d70ec.jpg></p>
306720,<p>これでどうですか？</p><p><img src=17f2622cb0427c6.jpg></p>
310504,<p>この証明は  S＝〜〜〜-----------------------① L＝〜〜〜 よって、al＝〜〜〜---------------② ①②よりS＝al  の形です！</p><p><img src=17f31adce3c6dd3.jpg></p>
311100,<p>理由はこちらの画像です。</p><p><img src=17f32daf2d93601.jpg></p>
315942,<p><img src=17f4f86b6087c08.jpg></p>
317336,<p><img src=17f52dedfb3f017.jpg></p><p>こうなります</p>
318480,<p><img src=17f52eaaafb0e59.jpg></p><p><img src=17f52eaae7bac0e.jpg></p><p><img src=17f52eab2b05a6e.jpg></p>
318504,<p><img src=17f52eacb687002.jpg></p><p>不明点等ございましたら、おっしゃってください。</p>
319078,<p><img src=17f52f019da5774.jpg></p>
319724,<p><img src=17f52f552e50281.jpg></p><p>質問等ありましたら何でもおっしゃって下さい。</p><p>よろしければ星5評価をお願いします。</p>
322416,<p><img src=17f530eea230cb8.jpg></p><p>こんな感じです！</p>
323842,<p><img src=17f531effe86f1a.jpg></p><p>こんばんは。 このような解説でいかがでしょうか。 何か分からない点などがあれば遠慮なく仰ってください。</p>
325034,<p><img src=17f5329d409f6ed.jpg></p>
325980,<p><img src=17f53303885b32e.jpeg></p><p><img src=17f53303d71b377.jpeg></p>
325982,<p><img src=17f5333a0c07d35.jpg></p><p>分からないことがあれば遠慮なく質問してください。</p>
327800,<p><img src=17f5340a7869bd4.jpg></p>
328318,<p><img src=17f5346094fc831.jpg></p><p>分母で式の掛け算のある問題は、分数の足し算か引き算の形にするのが鉄板です</p>
329608,<p><img src=17f534f079c42eb.jpg></p><p>このようにして、共通の項を作って置き換えられるようにします^o^</p><p>質問ありがとうございます^ ^</p>
330396,<p><img src=17f5357bdf19a4e.jpg></p>
330608,<p><img src=17f5358803f9040.jpg></p>
331166,<p><img src=17f535e0bf5a008.jpg></p>
332854,<p><img src=17f61e16d25952b.jpg></p><p><img src=17f61e170229980.jpg></p>
333052,<p><img src=17f64958b12ca90.jpg></p>
337418,<p>①③    ②④は添付画像のような場合有り</p><p><img src=17f68aab5ea6ce9.jpg></p>
406694,<p>(1)AとBの毎分かみ合う歯の数は等しいから18✖️5＝xy y＝90/x(反比例) (2)Bの歯の数が15だから、x＝15それをxに代入する。y＝6(回転数)になる。 絵心無くてごめん</p><p><img src=17f68dcee244798.jpg></p>
303236,<p><img src=17f0c49180bfad4.jpg></p><p>こんな感じです</p>
303314,<p><img src=17f0c4945f16552.jpg></p><p>いかがでしょう</p>
303318,<p><img src=17f4f64f518c576.jpg></p>
303462,<p><img src=17f4f66c0ae2dbe.jpg></p>
303536,<p><img src=17f4f670e65cc04.jpg></p><p>(1)-2 (2)36 (3)2 (4)-15 (5)①-29 ②-5 ③24 (6)①10 ②2 ③-1 (7)-7x-4y (8)11x-5y</p>
303824,<p><img src=17f4f6bfb8c89a5.jpg></p>
304030,<p><img src=17f4f6cca6a9080.jpg></p><p>こんな感じでどうでしょうか？</p>
309968,<p>画像のようになります。</p><p><img src=17f2af95d316110.jpg></p>
311864,<p>こんな感じです</p><p><img src=17f2f20eec7508c.jpg></p>
312678,<p>こんな感じ！</p><p><img src=17f2f551f91ac07.png></p>
314802,<p><img src=17f4f82f3063bc7.jpg></p>
315276,<p><img src=17f4f86c4a47b15.jpg></p>
315810,<p><img src=17f52d5fab82ad9.jpg></p>
316034,<p><img src=17f52d6e2bf8b08.jpg></p>
316822,<p><img src=17f52e13ed39248.jpg></p><p><img src=17f52e143a3b837.jpg></p><p><img src=17f52e148682cb6.jpg></p>
319954,<p><img src=17f52fda3816203.jpg></p><p>これでどうですか？</p>
320590,<p><img src=17f530385eca046.jpg></p><p>分からないところがあれば質問して下さい！</p>
320936,<p><img src=17f53054e308e6d.jpg></p><p>解答に関して疑問があればここで質問してくださいね</p>
322834,<p><img src=17f531b2b00bdf7.jpg></p>
323492,<p><img src=17f532176124572.jpg></p>
323552,<p><img src=17f53234d7458f4.jpg></p>
324726,<p><img src=17f532cae937dd1.jpeg></p><p><img src=17f532cb26031d2.jpeg></p>
325586,<p><img src=17f5335bea30478.jpg></p>
325636,<p><img src=17f5334856d7890.jpg></p>
326026,<p><img src=17f53383aaaaa84.jpg></p><p>分配法則と結合法則は数学の基本になるので、ぜひ覚えましょう。</p>
328058,<p><img src=17f534a904bc478.jpg></p><p><img src=17f534a935183c7.jpg></p>
328548,<p><img src=17f534d7869b4e2.jpeg></p>
329126,<p><img src=17f535225d07ad0.jpg></p>
330082,<p><img src=17f535954e03578.jpg></p>
336874,<p>このように考えました。</p><p><img src=17f68ac82aee1ca.jpg></p>
343598,3
383880,4)、b(-5
748098,<p><img src=17f9896b39eadf6.jpg></p>
758500,<p>このように計算しました。</p><p><img src=17f9bbdfd9385dd.jpg></p>
764664,<p>⑴は扇型の弧の長さから ⑵は円錐と円柱に分けて ⑶は長さの比から体積の比を考えて求めてください 公式が覚えられていない場合は覚えてください。</p><p><img src=17f9dfdc91e29a6.jpg></p>
843666,<p><img src=17fb9abc958d0c1.jpg></p>
304608,<p><img src=17f0c487e2b1e88.jpg></p><p>字が汚くてすみません</p>
305718,<p><img src=17f4f70a7313991.jpg></p>
309468,<p>これでどうでしょうか？</p><p><img src=17f28d3702afd30.jpg></p>
310460,<p>こんな感じになります！！✨</p><p><img src=17f299ca4efec1f.jpg></p>
312450,<p>間違ってたらすみません??‍♀️</p><p><img src=17f2c21f68d61fd.jpg></p>
313066,<p>回答は以下の通りになります。分かりにくい場合は質問して下さい。どんなことでも構いません。</p><p><img src=17f2ed0189dd17a.jpg></p>
315310,<p>これでどうでしょうか。</p><p><img src=17f3016764addcb.jpg></p>
316458,<p><img src=17f4f85d5254537.jpg></p>
316856,<p><img src=17f52d10e52448a.jpg></p>
318270,<p><img src=17f52e20d429100.jpg></p>
319076,<p><img src=17f52e8ae8551c1.jpg></p><p>はじめまして^_^このような形になります。よろしくお願いします。</p>
319742,<p><img src=17f52f00272d60c.jpg></p>
320148,<p><img src=17f52f4896fb4f0.jpg></p><p>解答を作成しましたので確認をお願いします。</p>
321548,<p><img src=17f52ff80d663b1.jpg></p><p>アは6で イは12となります。 わからないところがありましたら、気軽に聞いてください。</p>
322008,<p><img src=17f530386134ab7.jpg></p><p>どうでしょうか？</p><p>わからないところはありますか？</p>
322474,<p>ちょっと待ってくださいね。</p><p><img src=17f53080d0e5daa.jpg></p>
324752,<p><img src=17f5321a677b19d.jpg></p>
324806,<p><img src=17f53227ec5a702.jpg></p><p>タイトルは絶対値です！</p>
324860,<p><img src=17f5322317c002d.jpg></p>
324970,<p><img src=17f53233323cf3d.jpg></p>
328282,<p><img src=17f5341896b66b0.jpg></p>
328972,<p>どこが分からないとかありますか。</p><p><img src=17f534547569ca0.jpg></p>
329636,<p><img src=17f534d535bccce.jpg></p>
330730,<p><img src=17f535778af68ce.jpg></p>
331102,<p><img src=17f535a483fe99c.jpg></p><p>ミス、質問等ありましたら、ご指摘ください。すぐに答案作り直します！</p>
332132,<p><img src=17f5362b05c1e8e.jpg></p>
332604,<p><img src=17f5677c03ae5bc.jpg></p><p>質問ありがとう！何かわからなかったら聞いてね！</p>
333324,<p><img src=17f612a31ec085b.jpg></p>
425394,<p>(1)    y=ax²    とおく。    x=-4のｔきy=4である条件を使って、aを決定する。    a=1/4    であり、    y=(1/4)x²     で合っている。    （２）    x=-4、x=-3・・・・x=3、x=4    のときのyの値を計算してつなぐ。</p><p><img src=17f68ef76c1e814.jpg></p>
430692,<p>計算でできるなら教えて欲しいですね    1行2列・・・12個  1行3列・・・9個  1行4列・・・6個  1行5列・・・3個  2行1列・・・8個  2行2列は正方形なので除外  2行3列・・・4個  2行4列・・・2個  3行1列・・・3個  3行2列・・・2個  3行3列は正方形なので除外  これ以上は長方形はないので  合計49個    tashirotsubasa1210さん</p><p><img src=17f68f52bfef288.jpg></p>
984424,<p>こんな感じになりそうです。    4068万</p><p><img src=17f962bf2b18615.jpg></p>
1092040,<p>あってるとおもいます</p><p><img src=17faff0299a5e9d.jpg></p>
1865044,<p><img src=17fe43cf7ce2b59.jpg></p><p>返信遅れます。</p>
1228104,<p>因数分解はとりあえず ・共通因数でくくる ・次数の低い文字でくくる とだいたい見えてきます。  最後の並べ替えは無理にしなくてもいいです</p><p><img src=17fe9a5b17232cd.jpg></p>
571324,<p>(1)  123、132  213、231  312、321    (2)  偶数は132と312の2つだから  2/6=1/3</p><p><img src=17f6e38b1f2f06a.jpg></p>
575326,<p>こんな感じですかね？</p><p><img src=17f7062f483d169.jpg></p>
586174,<p><img src=17f76cc347e585f.jpg></p><p>こんな感じです！</p>
301772,<p><img src=17f4f6c586ccf97.jpeg></p><p><img src=17f4f6c5cba6351.jpeg></p>
302762,<p>少々お待ちください</p><p><img src=17f4f7703ae59ec.jpg></p>
302798,<p><img src=17f4f775c9b4f1c.jpg></p><p>解答を作成しました。いかがでしょうか？またわからないところがあれば教えてください。対応します！</p>
305992,<p>分からない部分あれば言ってください</p><p><img src=17f289bea5080ee.jpg></p>
307440,<p>答え ④ 解説 球の体積→3分の4×π×r³ π×3分の4×2³=3分の32π      ←半球2つ(球)の体積 π×2×2×5=20π     ←円柱の体積 3分の32π+20π=3分の92π      ←球と円柱の体積の合計   </p><p><img src=17f2a25df62b7b7.jpg></p>
309354,<p>わからないところがあれば、教えてください！ </p><p><img src=17f2f0753c39272.jpg></p>
311814,<p><img src=17f4f7e95ab8f83.jpg></p><p>こうなります</p>
312284,<p><img src=17f4f7f5183d9ff.jpg></p>
313792,<p><img src=17f52d955831657.jpg></p>
314278,<p><img src=17f52de8909a75e.jpg></p><p><img src=17f52de8d859581.jpg></p>
314292,<p><img src=17f52db404edec6.jpg></p><p>こちらが答えになります！まずは、一十百千万億の順を覚えることが大事です！</p>
314894,<p><img src=17f52e3f578aa00.jpg></p>
315026,<p><img src=17f52e4cae455f8.jpg></p><p>勉強がんばってください！評価のほどよろしくお願いします</p>
315574,<p><img src=17f52e8d0e06e15.jpg></p><p>倍数と約数を並べてそれぞれ共通のものを見つけましょう！</p>
316218,<p><img src=17f52f030e1fb0d.jpg></p>
317522,<p><img src=17f52fa2395e824.jpg></p><p>どうでしょう</p>
318272,<p><img src=17f52ffccc4520c.jpg></p>
318324,<p><img src=17f530135a5dc18.jpg></p><p>お気に入り先生への質問ありがとうございます！</p><p>分からないところがありましたら質問お待ちしております。</p><p>分かりましたら評価をお願いいたします。</p><p>もし良かったら評価をお願いいたします。</p>
318592,<p><img src=17f53028088dd07.jpg></p><p>このようになります！ 共通の項を作り出しましょう^o^</p><p>最後にも書きましたが、因数分解が終わったと思っても、一応「まだ因数分解できるところはないかな？」と見直すことが大事です！</p>
318792,<p><img src=17f5304e365022b.jpg></p>
319170,<p><img src=17f5308b4c9f31d.jpg></p>
320444,<p><img src=17f5317aca998a8.jpg></p>
321518,<p><img src=17f53224d0eaf53.jpg></p>
322460,<p><img src=17f532c57e2fadd.jpg></p><p>以上です。</p>
322806,<p><img src=17f532e47c69586.jpg></p>
324970,<p><img src=17f534153328377.jpg></p><p>これでどうでしょうか？</p>
325032,<p><img src=17f5342856bcc1a.jpg></p>
325068,<p><img src=17f5340b25d62c0.jpg></p>
326376,<p><img src=17f534e6d6fe547.jpg></p>
326552,<p><img src=17f534e1f0e0fa8.jpg></p>
326956,<p><img src=17f5353255b3436.jpg></p>
327934,<p><img src=17f535b06ffbc4f.jpg></p>
330088,<p><img src=17f673043767037.jpg></p>
407964,<p>1 4x＋6y＝14   15x－6y＝24     19x=38 x=2 上の式に代入 6y=14-8 6y=6 y=1</p><p><img src=17f68e106675ae6.jpg></p>
572356,<p>これで分かりますか？</p><p><img src=17f6ebe6629d180.jpg></p>
574242,<p><img src=17f6fe4cb34f9ff.jpg></p>
575864,<p><img src=17f70bbb9e0e29f.jpg></p>
672104,<p><img src=17f797346d21c65.jpg></p>
581900,<p>間違ってると思います  bの値が0ということは原点を通るということなのでx軸との交点は必ず0になり題意に合わなくなるからです  回答及び途中式は画像のようになるかと思われます    字が汚くて申し訳ない</p><p><img src=17f72583b2feb66.jpg></p>
678936,<p>これでどうですか？</p><p><img src=17f7c1088c0b07e.jpg></p>
702700,<p><img src=17f87fb9ba81b4a.jpg></p><p>こうなります</p>
302040,<p><img src=17f4f64ed0be405.jpg></p><p>このようになります！</p>
302336,<p><img src=17f4f69f9519dda.jpg></p><p>どうでしょう</p>
302446,<p><img src=17f4f6b3eb393f0.jpg></p>
303314,<p><img src=17f4f739bccaeca.jpg></p>
303684,<p><img src=17f4f777a8b4492.jpg></p>
307430,<p>どうですか？</p><p><img src=17f29707138859e.jpg></p>
315086,<p><img src=17f52ded0ec927e.jpg></p>
315940,<p><img src=17f52e50a1b58aa.jpg></p><p>分からないところがあれば、仰ってくださいm(_ _)m</p>
316356,<p><img src=17f52e8ae2663b1.jpg></p><p><img src=17f52e8b0b359f8.jpg></p><p>またありがとうございます！</p><p>分からないところがあれば質問して下さい！</p>
316524,<p><img src=17f52ebc3803746.jpg></p><p>なので10は0.1の100倍、0.01の1000倍、0.001の10000倍です</p>
316940,<p><img src=17f52ef3850b899.jpg></p>
316954,<p><img src=17f52efc6b26f3f.jpg></p><p>わからないところがあったら言ってください。</p>
318102,<p><img src=17f52f91bef7737.jpg></p><p><img src=17f52f91f18a72c.jpg></p><p><img src=17f52f922b93034.jpg></p><p><img src=17f52f92771061d.jpg></p><p><img src=17f52f929914f60.jpg></p><p><img src=17f52f92c9eaa3b.jpg></p><p><img src=17f52f92eaff17a.jpg></p><p><img src=17f52f93200ad66.jpg></p>
318120,<p><img src=17f52fa357f2aa4.jpg></p><p>こんな感じです！</p>
319908,<p><img src=17f5308806468b8.jpg></p>
319930,<p><img src=17f5308f373152c.jpg></p>
319988,<p><img src=17f5308bade2eb6.jpg></p>
321622,<p><img src=17f531bd3e0ea1b.jpg></p><p>こんな感じになりました！</p>
321794,<p><img src=17f531edb9678af.jpeg></p><p><img src=17f531ee032cb08.jpeg></p>
322728,<p><img src=17f5325f7d1e40b.jpg></p>
325174,<p><img src=17f533e95cc9782.jpg></p>
325230,<p><img src=17f533eb0cebc18.jpg></p><p>逆から展開してみたら納得すると思います。 ☆マークをつけたところは 左をみて右をかけるように、右を見て左をかけるようにどちらもしておきましょう。</p>
325922,<p><img src=17f53447a3d179b.jpg></p><p>それぞれ展開して、同じ次数の文字どうしで、足し引きします！</p>
327594,<p><img src=17f5351f3056e8d.jpg></p><p><img src=17f5351f5772cb3.jpg></p><p><img src=17f5351f8b4c38d.jpg></p><p><img src=17f5351fbcabe29.jpg></p>
328170,<p><img src=17f53587e9e4e30.jpg></p><p><img src=17f535883328866.jpg></p>
329488,<p><img src=17f53579b761ad9.jpg></p><p>かっこ4は正直医療系志望でなければ特に覚えなくてもいいかと思います。</p>
329688,<p><img src=17f5556dafad8c8.jpg></p>
329812,<p><img src=17f5741cec0585a.jpg></p><p>もう少し続きます</p>
337224,<p>このように計算しました。</p><p><img src=17f68ae86e082b4.jpg></p>
338710,<p>有理化をしたらこうなります！ この画像でわかりますか？ 字が汚くてごめんなさい…笑</p><p><img src=17f68b0d5df8436.jpg></p>
382698,<p>図で  三角形AOCはAO=COで二等辺三角形なので∠OAC=∠OCA  三角形AOBもAO=BOで二等辺三角形なので∠OAB=∠OBA  ∠DOC=∠OAC+∠OCA=2∠OAC  ∠DOB=∠OBC+∠OCB=2∠OAB  ∠COB=∠DOC+∠DOB=2∠OAC+2∠OAB=2(∠OAC+∠OAB)=2×70°=140°</p><p><img src=17f68c7afd1024e.jpg></p>
386420,<p>(9)  x = 1 のときは y= 2・1² = 2 で    x= 3 のときは y = 2・3² = 18 なので    変化の割合は (18 - 2)/(3 - 1) = 8    (10)  しっかりグラフを書いてみましょうね♪    y = -x² は下のようなグラフであり    -1 ≦ x ≦ 4 の範囲は太線の部分なので    y座標の範囲を注意深くて見てみると    x = 0 のときが最大で y = 0    x = 4 のときが最小値 y = -16 なので    -16 ≦ y ≦ 0 ですね(*◕ ◡◕)✿♫♬</p><p><img src=17f68cbc5a74c52.jpg></p>
388736,<p>方程式で求めるときは、塩分量を計算します    400グラムで８％の塩分は、  400×0.08    10%の食塩水の量をｘｇとすると、  塩は、0.1ｘ    5%の食塩水の量は(400－ｘ)ｇとすると、  塩は、0.05(400－ｘ）    0.1ｘ＋0.05(400－ｘ)＝400×0.08  0.1ｘ＋20－0.05ｘ＝32  0.０5ｘ＝12  5ｘ＝1200  ｘ＝240    10%の食塩水 240ｇ  ５％の食塩水 400‐240＝160ｇ    天秤法で計算すると  10％－8％＝２％・・10％の食塩水は混ざると２％減る  ８％－５％＝３％・・5%の食塩水は混ざると３％増える    ということは、食塩水の量は  １０％：５％＝３：２となる    5%の食塩水は  400×2/5＝160ｇ    ８％の食塩水は、  400×3/5=240g    下に図を書いておきました。  方程式を習った後でも、  天秤法の図の書き方を理解しておくと  とても簡単に解けます  確かめ算にも使えますよ。    詳しくは、  https://youtu.be/Q3dzSJQDSNI  ここをご覧ください。</p><p><img src=17f68ce057b8a53.jpg></p>
576688,<p>このように計算しました。</p><p><img src=17f719fe7bb70f9.jpg></p>
578104,<p>縦の長さをｘ㎝とおくと、横の長さは（ｘ＋６）㎝と表される。  すると、はこの容積はたて×横×高さで表されるので、  ５（ｘ－１０）（ｘ＋６－１０）＝８００  ∴（ｘ－１０）（ｘ－４）＝１６０  展開してまとめると  ｘ＾２－１４ｘ－１２０＝０  （ｘ－２０）（ｘ＋６）＝０  ｘは縦の長さよりｘ＞０，よって、ｘ＝－６は適さない。  よって、ｘ＝２０は題意に適する。  よって、横は２０＋６＝２６    答え…たて２０㎝、横２６㎝。    図もつけましたのでご覧下さい。    いかがでしょうか？</p><p><img src=17f725dbd5ba2ee.jpg></p>
681172,<p>間違っています。  y=3x-3は傾きが正なので，右上がりの直線になるはず。  図のグラフは明らかに右下がりになっています。</p><p><img src=17f8128b12eb86c.jpg></p>
701376,<p><img src=17f89cd7f7944e8.jpg></p><p><img src=17f89cd83214d25.jpg></p><p><img src=17f89cd86a03313.jpg></p><p><img src=17f89cd8a1c4d14.jpg></p>
436626,<p>(1)  △DEF∽△DABで、相似比は2:5だから  EF:AB=2:5  x:30=2:5  5x=60  x＝12  答え：12㎝    (2)  △BEFと△DEFは、高さが共通で  底辺の比がBF:FD=3:2だから  △BEF:△DEF=3:2</p><p><img src=17f68fdd3c119cc.jpg></p>
450938,<p><img src=17f6b51196427d0.jpg></p>
574308,BCの中点をそれぞれE
581176,<p><img src=17f73f1b3fb390c.jpg></p>
581760,<p><img src=17f744f5b2570b7.jpg></p><p><img src=17f744f5dda69f0.jpg></p><p>わかりにくいところがあったら教えてください！</p>
681302,<p><img src=17f80c77f6afc56.jpg></p>
574222,<p><img src=17f706108ef0b7f.jpg></p>
582830,y=2分の1-4...②がある。y軸と直線①
673022,<p><img src=17f7a2e12de967d.jpg></p><p>分からないところがあれば、仰ってくださいm(_ _)m</p>
674290,<p><img src=17f7b0dc9ebbae2.jpg></p><p>こちらでいかがでしょうか</p>
699522,<p>字が汚くてすみません</p><p><img src=17f88580a468739.jpg></p>
895794,<p><img src=17f7c47922d3256.jpeg></p><p><img src=17f7c479609c876.jpeg></p>
910206,<p>このように考えました。</p><p><img src=17f846e32e95315.jpg></p>
727342,<p>これでどうですか？</p><p><img src=17f9107080bbbf7.jpg></p>
402756,<p><img src=17f0c48804d9bc7.jpg></p><p><img src=17f0c488532cb15.jpg></p>
402852,<p><img src=17f0c48db5af466.jpg></p>
403056,<p><img src=17f4f65017b004d.jpg></p>
404102,<p><img src=17f4f6f7f10459b.jpg></p><p><img src=17f4f6f833ea3bc.jpg></p>
404846,<p><img src=17f4f76a3f48551.jpg></p><p>微分などしますでしょうか？</p>
404902,<p><img src=17f4f766788b58b.jpg></p>
405164,<p><img src=17f4f78298f98ce.jpg></p><p>どうぞ！</p>
407174,<p>どちらも原点を通ってるので切片なし 質問あったらどーぞ</p><p><img src=17f32b1152d6c44.jpg></p>
407376,<p>こうかなと思います</p><p><img src=17f2708846d8d75.jpg></p>
409206,<p>△AEOを点対称移動させると、△OGCに重なります。 △OGCを平行移動させると、△OHAに重なるので 答えは△OHAになります！</p><p><img src=17f3111008a2026.jpg></p>
409210,<p>こんな感じでどうですか？？</p><p><img src=17f28c369f65cd6.jpg></p>
417582,<p><img src=17f4f822b3ddd20.jpg></p><p>こんな感じですね！疑問点がございましたら遠慮なく仰って下さいね！お疲れ様でした！</p>
417764,<p><img src=17f4f82c07fc7d0.jpg></p>
419400,<p><img src=17f52d6e0f7e428.jpg></p>
419672,<p><img src=17f52da3c32204b.jpg></p><p>急いで詳しく、難しいですね汗</p>
420236,<p><img src=17f52dea0d33f8b.jpg></p>
420254,<p><img src=17f52ded4313068.jpg></p><p>またわからないことがあったら聞いてください！</p>
420566,<p><img src=17f52e241660004.jpg></p>
421316,<p><img src=17f52e6d1412b61.jpg></p><p><img src=17f52e6d4bbafc1.jpg></p><p><img src=17f52e6d8d53a1b.jpg></p><p><img src=17f52e6dd770f5b.jpg></p>
422168,<p><img src=17f52ee1966db12.jpg></p><p>分からないところがあれば仰ってくださいm(_ _)m</p>
422388,<p><img src=17f52ef421f4827.jpg></p>
422432,<p><img src=17f52ef53704086.jpg></p>
424806,<p><img src=17f52fe9972ebdb.jpg></p><p>エラーで、失礼しました。</p><p>頑張ってくださいね！</p>
425300,<p><img src=17f53015298c36f.jpg></p><p>解説してみました！</p><p>わからなければ連絡ください！</p>
425322,<p><img src=17f53015cf0ef92.jpg></p><p>こうなります</p>
425556,<p><img src=17f53032244472c.jpg></p>
426540,<p><img src=17f530a60af0731.jpg></p><p><img src=17f530a6442e995.jpg></p>
426968,<p><img src=17f530ef261c5cb.jpg></p><p>4分割したうちの一つに注目してその面積を求めたあとに、4倍します。</p>
428642,<p><img src=17f531e8f5cef1d.jpg></p>
428850,<p><img src=17f531e776bb5ae.jpg></p>
429880,<p><img src=17f5324e2b5c10f.jpg></p><p>頑張って下さい！</p>
431192,<p><img src=17f532d67de3279.jpg></p>
431904,<p><img src=17f5332c55abd59.jpg></p><p>こうなります！</p>
432012,<p><img src=17f5334854063ac.jpg></p>
432106,<p>まずこの問題はこれでわかりますか？</p><p><img src=17f5335bd105133.jpg></p><p><img src=17f5335bfa936c0.jpg></p>
435088,<p><img src=17f534729c75d86.jpg></p>
435200,<p><img src=17f534980517ae0.jpg></p><p>分からないところがあったら教えてください</p>
437056,<p><img src=17f53565496ff9e.jpg></p>
439110,<p><img src=17f4f86a420b3ae.jpg></p><p>こんにちは、参考にしてください！</p>
441012,<p><img src=17f66f531f2fe3a.jpg></p><p>ちなみに整数とは分数で表すと分母が1になる数字のことです。</p><p>分からない点があれば質問をお願いします</p>
449102,<p>底面の円周=12πだから 側面積=12π×10/2=60π（㎝²） 底面積=π×6²=36π（㎝²) 表面積=側面積+底面積 =60π+36π =96π（㎝²)</p><p><img src=17f68ae82cae0d9.jpg></p>
896534,<p><img src=17f79608189762c.jpg></p><p>解答を作成しましたので確認をお願いします。</p>
902534,<p>合ってるかわからないので参考までに</p><p><img src=17f7c7510b74119.jpg></p>
771088,<p>いかがでしょうか？</p><p><img src=17fa008114f4403.jpg></p>
305740,<p>少数や分数を無くした方が計算しやすくなると思うので、上の式には×10して、下の式には×2すればあとは普通に連立方程式を解くだけです????間違ってたらすみません????</p><p><img src=17f307f79bd26db.jpg></p>
306918,<p>めっちゃ汚い字すみません??</p><p><img src=17f28570923160b.jpg></p>
308132,<p>こんな感じだと思います！</p><p><img src=17f299970b7dbc9.jpg></p>
310184,<p>どうでしょうか？</p><p><img src=17f2c285f4852a0.jpg></p>
311738,<p><img src=17f4f7e1642d1e2.jpg></p>
313758,<p><img src=17f4f8256c979c7.jpg></p>
314350,<p><img src=17f4f874b4038ec.jpg></p>
316800,<p><img src=17f52e8d8d59b17.jpg></p><p>難しいとは思いますが頑張ってください</p>
317282,<p><img src=17f52ee4b3b15e2.jpg></p>
317428,<p><img src=17f52f020dd1b5d.jpg></p><p>分からないところがあれば質問して下さい。</p><p>評価をお願いします。</p>
317476,<p><img src=17f52f0418fb4ee.jpg></p>
317788,<p><img src=17f52f2eb2fe0c3.jpg></p>
318386,<p><img src=17f52f8061131c9.jpeg></p><p><img src=17f52f80b2f1738.jpeg></p><p><img src=17f52f80ef57d2f.jpeg></p><p><img src=17f52f81338024e.jpeg></p>
318960,<p><img src=17f52fc9b87c1bc.jpg></p>
319080,<p><img src=17f52fda5509965.jpg></p>
319142,<p><img src=17f52fded5e2f49.jpg></p>
319492,<p><img src=17f530189b2d28f.jpeg></p><p><img src=17f53018da18e69.jpeg></p>
319552,<p><img src=17f53018d31cb04.jpg></p><p>はじめまして^_^このような形になります。よろしくお願いします。</p>
320696,<p><img src=17f530d147d147b.jpg></p><p><img src=17f530d16c97a10.jpg></p>
321592,<p><img src=17f5315c799a88e.jpg></p><p>こんな感じです</p>
321886,<p><img src=17f531b4eda28b1.jpg></p>
323824,<p><img src=17f532b5f0ff2a2.jpg></p>
324262,<p><img src=17f532f214ada2f.jpg></p>
325294,<p><img src=17f5338457b4068.jpg></p><p><img src=17f533848b58f5a.jpg></p><p><img src=17f53384b8457e4.jpg></p><p><img src=17f53384ef2b585.jpg></p><p><img src=17f53385240ead1.jpg></p><p><img src=17f53385463e54e.jpg></p><p><img src=17f5338571cd687.jpg></p><p><img src=17f53385a487cff.jpg></p><p><img src=17f53385d3cb7ff.jpg></p><p><img src=17f5338601d2a68.jpg></p><p><img src=17f5338635d0b55.jpg></p><p><img src=17f533865df00df.jpg></p>
325614,<p><img src=17f533cefeba03e.jpg></p><p>難しいとは思いますが頑張ってください</p>
326408,<p><img src=17f5341b00617c8.jpg></p>
326500,<p><img src=17f53442f1a5d6a.jpg></p>
326684,<p><img src=17f5346474d233b.jpg></p>
327298,<p><img src=17f534c3e14c8da.jpg></p>
327358,<p><img src=17f534a7cb47734.jpg></p>
327934,<p><img src=17f534f72401bba.jpg></p><p>最終形態の形が不明ですが…</p><p>こんなものだと思います。</p>
329620,<p>縦に計算します</p><p><img src=17f5360e7c0f702.jpg></p>
330440,<p><img src=17f58ca8c13b631.jpg></p><p>以上1枚が解答です。</p>
331114,<p><img src=17f62521e49f081.jpg></p><p>どうぞ！</p>
331116,<p><img src=17f6254e25d1c78.jpg></p>
303574,<p><img src=17f4f64fe032122.jpg></p><p><img src=17f4f6503c98d1d.jpg></p><p><img src=17f4f650ad93122.jpg></p>
303690,<p><img src=17f4f66e1885f0f.jpg></p><p><img src=17f4f66e4c02402.jpg></p>
304426,<p><img src=17f4f6f7104412d.jpg></p>
305262,<p><img src=17f4f7748bc5a71.jpg></p><p>理解できない箇所あれば解説するので言ってくださいね！</p>
305730,<p><img src=17f4f7b69bfeb7b.jpg></p><p>こちらが回答になります。</p>
306148,<p>AとB、AとCを結ぶ 線分ABの二等分線、ACの二等分線を作図 AB、ACの二等分線が交わった点がA、B、Cそれぞれから等しくなるはずです。</p><p><img src=17f261c85fd5e42.png></p>
306982,<p>間違ってたらすみません??</p><p><img src=17f3090fd2faa0a.jpg></p>
308094,<p>この図でどうでしょうか。 7センチの部分はn枚あり、初めの重なりの2センチがひとつ余る感じなので ＋2と考えられます。</p><p><img src=17f2806d83b40a6.jpg></p>
308366,<p>こんな感じです！わかんないとこあったら聞いてください!!</p><p><img src=17f28ebead8e9bf.jpg></p>
309726,<p>類題2の（2）が間違っていると思います。 自分で解いてみたので見ていただければ嬉しいです。 見にくくてすみません?? </p><p><img src=17f318a7ac5f089.jpg></p>
311220,<p>どうぞ！</p><p><img src=17f2c328a6416f8.jpg></p>
312488,<p>少し書き出してみると、状況が理解できると思いますよ。</p><p><img src=17f327433b03c3f.jpg></p>
314960,<p><img src=17f4f8292e02003.jpg></p>
315464,<p><img src=17f4f86745d7f18.jpg></p>
315652,<p><img src=17f522dc834b995.jpg></p><p>以上です</p>
316924,<p><img src=17f52dea7dbba05.jpg></p>
317026,<p><img src=17f52e05b62c505.jpg></p>
317132,<p><img src=17f52e135e0a79a.jpg></p>
317710,<p><img src=17f52e072e72f6a.jpg></p><p><img src=17f52e077534f96.jpg></p>
318390,<p><img src=17f52ed4469db74.jpg></p>
318444,<p><img src=17f52ed5703a6d0.jpg></p><p><img src=17f52ed5bc47d53.jpg></p><p><img src=17f52ed5eb7f581.jpg></p><p><img src=17f52ed6290cd41.jpg></p>
318546,<p><img src=17f52ee757b609d.jpg></p><p>分からないところがあれば、教えてください_(._.)_</p>
318570,<p><img src=17f52ef414668cc.jpg></p>
318744,<p><img src=17f52efedef5bf7.jpg></p><p>こんな感じです</p>
319408,<p><img src=17f52f577ef4b97.jpg></p><p><img src=17f52f57c08c51d.jpg></p><p><img src=17f52f580eef520.jpg></p><p>連立の他にも、傾きを直接求める方法がありますが、まずは連立でマスターしましょう。</p>
319940,<p><img src=17f52fa06b572c1.jpg></p><p>こんな感じです！</p>
319982,<p><img src=17f52fa1881842f.jpg></p>
320564,<p><img src=17f52ff586748a1.jpg></p>
320962,<p><img src=17f530215794381.jpg></p>
321224,<p><img src=17f53044da4bd44.jpg></p><p>求めたいものを文字でおきましょう</p>
321454,<p><img src=17f5306c9c56bb9.jpg></p>
321654,<p><img src=17f5307f46dbd9a.jpg></p>
321892,<p><img src=17f530995cb9664.jpg></p>
321962,<p><img src=17f530a6407ad5e.jpg></p>
322078,<p><img src=17f530d5b26e668.jpg></p><p>このようになります！</p>
323822,<p><img src=17f531fc479dc38.jpg></p><p>私はこのように考えました。わかりにくい部分や疑問点があれば、なんでも聞いて下さい。(また、回答が質問の答えになっていないなどあれば、ご指摘・コメント下さい。解答を作成し直します。)</p>
324016,<p><img src=17f5321a8a861f6.jpg></p>
324674,<p><img src=17f5326165d4745.jpg></p>
326354,<p><img src=17f53356945b2f6.jpg></p><p>こんな感じです</p>
327796,<p><img src=17f5340ca26a794.jpg></p><p>頑張って下さい！</p>
407252,<p>すごく面白い問題ですね！ 円周率についての定めがないので、（小学校とあるので）とりあえず3.14で計算しました。 半径が全部同じでも、中心角がどれも三角形の角をつかっているから３つの角を全部足すと180゜になるので三角形から半径3cmの半円の面積を引けば出ますよ！</p><p><img src=17f68dd028d9c03.jpg></p>
409806,<p>これでどうでしょうか？</p><p><img src=17f68df5e79c3fc.jpg></p>
305514,<p><img src=17f4f69c21377c3.jpg></p>
306544,<p><img src=17f4f756198d647.jpg></p><p>この問題はP波の情報だけを使って解くことができます。初期微動継続時間や主要動が関係する場合はS波の情報を使うことになります。</p>
308208,<p>x²=11　ならば　x=√11 →偽である(反例:x=-√11)  x=√11　ならば　x²=11 →真である  解説ってほどでもないかもしれませんが…</p><p><img src=17f26b811fc7089.jpg></p>
308266,<p>グラフを描いてみてはどうでしょう </p><p><img src=17f267745f13b4f.jpg></p>
309954,<p>こんな感じです！</p><p><img src=17f3110eb5f0378.jpg></p>
312758,<p>100です。少し自信はないです...間違ってたらすみません??</p><p><img src=17f3238118a790a.jpg></p>
313868,<p>簡単にですがよければ…！ わからないとことかあれば教えてください！</p><p><img src=17f2f28882d9b75.jpg></p>
317146,<p><img src=17f52d0addc9b6b.jpg></p><p>これを参考に解いてみてください！</p>
318754,<p><img src=17f52e2f63bd7ca.jpeg></p><p><img src=17f52e2fa65fa8c.jpeg></p>
322080,<p><img src=17f53006e1887ea.jpg></p>
322784,<p><img src=17f5307d1494239.jpg></p>
323446,<p><img src=17f530d6523f634.jpg></p>
324532,<p><img src=17f531921e3ee3c.jpg></p><p><img src=17f531926890950.jpg></p><p><img src=17f53192a6ae059.jpg></p><p><img src=17f53192e175b44.jpg></p><p><img src=17f5319329867c5.jpg></p><p><img src=17f53193778298f.jpg></p><p><img src=17f53193c31eb2c.jpg></p><p><img src=17f53193f727604.jpg></p><p><img src=17f531942bcd3d5.jpg></p><p><img src=17f5319480a32bc.jpg></p><p><img src=17f53194c3187e3.jpg></p><p><img src=17f53195164f93a.jpg></p>
325394,<p><img src=17f53225209a2a8.jpg></p><p>四則混合では割り算やかけ算から先に計算します！</p>
326678,<p><img src=17f532f0aa902fc.jpg></p>
327368,<p><img src=17f5335cc8da81a.jpg></p>
328632,<p><img src=17f533f79d99cab.jpg></p>
331154,<p><img src=17f5354d9e0aae3.jpg></p><p>読めない文字や分からないことがあればお気軽にご質問ください。</p>
331552,<p><img src=17f53591e72b24b.jpg></p>
331762,<p><img src=17f535aea85fe14.jpg></p><p><img src=17f535aee2ab59d.jpg></p><p><img src=17f535af1b4191b.jpg></p>
331808,<p><img src=17f535af91c9c9c.jpg></p>
333404,<p><img src=17f5a7a0de0a775.jpg></p><p>分からないところがあれば、教えてください_(._.)_</p>
333854,<p><img src=17f6176578cb640.jpg></p>
334204,<p><img src=17f678bff51f7aa.jpg></p>
334246,<p><img src=17f678d59d4bcaf.jpg></p>
353712,<p>添付の図を参照してください。  3人の平均が74点なので、3人の合計は74×3=222点です。  Cを基準にするとA
424466,<p>三平方の定理を使えばできます。  斜辺の二乗=辺1の二乗+片2の二乗  ABの二乗=ACの二乗+BCの二乗</p><p><img src=17f68ee9332d014.jpg></p>
760304,<p><img src=17f9bc54e2c4347.jpg></p><p><img src=17f9bc5512346c3.jpg></p><p><img src=17f9bc5542165d3.jpg></p><p>こんばんは。微積分の問題ですね。 (1)は共有点の個数に着目すれば求まります。(2)以降は式や計算が複雑になりますが、落ち着いて処理しましょう。(3)は地道に計算するととても時間がかかるので、1/6公式を使いましょう。</p><p>(トの前が問題の符号ミスかもしれません。確認してみてください。)</p>
1402882,<p><img src=17fe43d2ebc1285.jpg></p><p><img src=17fe43d32247adf.jpg></p>
570100,<p>グラフを考えて解く問題です。 y=(-1/4)x²は原点を頂点として、 係数が負なので下に開いた放物線。  xの変域 -2≦x≦5 最大値は頂点の時だからx=0なので y=0、 最小値はxがx=-2よりもx=5の方が 頂点から離れているからx=5の時、 y=(-1/4)×5²=-25/4、 ∴ -25/4≦y≦0</p><p><img src=17f68f7a0e8119f.jpg></p>
758718,<p>球の体積の公式は  半径をr、円周率をπとすると    V=(4/3)πr³  なので  V=(4/3)π･3³=36π(cm³)</p><p><img src=17f6e606a4d5db7.jpg></p>
706886,<p>下のような簡単なグラフを書くとわかりやすいですよ。    下のグラフより、ｘ＝３のときｙ＝６であることがわかる。  これらの値をｙ＝aｘ＾２に代入    6=a×3^2  6=9a  a=2/3    答え a=2/3</p><p><img src=17f8b3a369afeb9.jpg></p>
746802,<p><img src=17f97c135ab0f96.jpg></p><p>お待たせしました。解答です。</p>
759086,<p><img src=17f9bc54c7daa8c.jpg></p>
303330,<p><img src=17f0c48de17c010.jpg></p>
303538,<p><img src=17f4f66ad5bdd48.jpg></p><p>足し算はこのような決まりで計算します！この問題は、足し算なんですが、()などは外して項だけを並べた形になっています</p><p><img src=17f4f66b0ae6c12.jpg></p><p>このように計算できます^o^</p>
303610,<p><img src=17f4f670acd59e4.jpg></p><p>順番に解説していきます</p><p><img src=17f4f67107c8481.jpg></p><p><img src=17f4f67140aee05.jpg></p><p>途中式も飛ばさずに書いてみました</p><p>これで分かりますかね？</p>
303874,<p><img src=17f4f6a288637e5.jpg></p><p>分からないところがあれば聞いて下さい！</p>
303918,<p><img src=17f4f6b8873ff17.jpg></p>
305334,<p>わからなかったり間違っていたりしたらお声掛け下さい。</p><p><img src=17f30313d940ca5.jpg></p>
308386,<p>(2) 5  (3) -7  </p><p><img src=17f28b0366f6b30.jpg></p>
313446,<p>付け足し 同じ弧に対する円周角は等しい  です！</p><p><img src=17f2fdb5fff51b0.jpg></p>
314164,<p>こんな感じです！</p><p><img src=17f32f30a2c835a.jpg></p>
315088,<p><img src=17f4f85f17d9802.jpg></p>
316600,<p><img src=17f52db27cab96c.jpg></p>
318138,<p><img src=17f52eb9320bc94.jpg></p><p><img src=17f52eb955f4b81.jpg></p><p><img src=17f52eb9a2aa678.jpg></p><p><img src=17f52eb9f13a998.jpg></p>
318636,<p><img src=17f52f0c63e4fea.jpg></p>
318838,<p><img src=17f52f1f92d8b78.jpg></p>
319670,<p><img src=17f52f900e07c3f.jpg></p><p>難しいとは思います頑張ってください</p>
320454,<p><img src=17f5300b3bcefed.jpg></p>
320462,<p><img src=17f52ff92eca625.jpg></p>
320604,<p><img src=17f53012a66214f.jpg></p><p>大丈夫そうですか？</p>
320930,<p><img src=17f53053e770f78.jpg></p><p>分からないところがあれば質問してください</p>
321284,<p><img src=17f53071575ad3f.jpg></p><p>答えは記号の下に書きました！ あと数字は私が考える順番です。参考にしてください！</p>
321788,<p><img src=17f530bc8de081c.jpg></p>
321836,<p><img src=17f530d125941a1.jpg></p>
322052,<p><img src=17f530ff25311bf.jpg></p>
326392,<p><img src=17f533c0a989279.jpg></p>
326534,<p><img src=17f533ce6e512b0.jpg></p><p>よろしくお願いします！</p>
326864,<p><img src=17f533dc9fd8b0d.jpg></p>
329542,<p><img src=17f5357427705fe.png></p><p><img src=17f535746a1ffe7.png></p><p><img src=17f535749fcb4dd.png></p>
329754,<p><img src=17f53589350c514.jpg></p><p>このような解答になります!</p>
329874,<p><img src=17f5359454b76b8.jpg></p><p>難しいとは思いますが頑張ってください</p>
332262,<p><img src=17f6358f6b22ba3.jpg></p><p>上の解説でわからないところがあれば質問してくださいね( ´ ▽ ` )ﾉ</p>
350954,<p>これでどうですか？</p><p><img src=17f68bd23bba916.jpg></p>
355394,<p>数直線の図を描いてみましたので、よかったらどうぞ。  ◆図①は、現在の親子の年齢とその年齢差33歳を表した数直線です。 ↓ ◆図➁で、赤い直線は今から数年後を付け加えた数直線です。 この図を見て、 ・ゆうこさんの、[2歳＋数年後]の割合を①とすると、お母さんとの年齢差33歳が③の割合になっていることが分かります。 そこで、割合➀に対する年齢は→33÷3=11 になるので、赤い直線の部分の年数は→11－2=9  答え:9年後  こんな感じになりそうです。</p><p><img src=17f68c098dc604d.jpg></p>
421858,<p>爺ぃじができました。 食塩水は表にすること 解らない所は質問して下さい。</p><p><img src=17f68ed3956bc60.jpg></p>
1072112,<p><img src=17fcf25f8eb3abe.jpeg></p><p><img src=17fcf25fcb18a19.jpeg></p>
757544,<p><img src=17f9be5c5108488.jpg></p><p>以上1枚が解答です。</p>
804404,<p>これでどうですか？</p><p><img src=17fa9b02c8abe9e.jpg></p>
729528,<p>■解法■    ３²ａ＝６  ａ＝２/３  ★答え★２/３</p><p><img src=17f92e97aa67b00.jpg></p>
718472,<p>②ですね</p><p><img src=17f8f998350979a.jpg></p><p>間の角度を変えればいくらでもかけてしまいますので</p>
822066,<p>画像参照お願いします</p><p><img src=17faff014070703.jpg></p>
604928,<p><img src=17f6c8c3228a784.jpg></p>
712158,b=3のとき、次の式の値を求めなさい。  10a2乗b÷(-5a)</p>
803396,<p>どうぞー。</p><p><img src=17faa26d4d30942.jpg></p>
893488,<p><img src=17fbb95921c6559.jpg></p><p>こんな感じです</p>
301366,<p><img src=17f0c491e0d7ed7.jpg></p>
301414,<p><img src=17f0c495aa47469.jpg></p><p>解答でわかりにくいとこあればコメントください</p>
303870,<p>交わる、平行、ねじれの位置は何かをしっかり理解できるようになりましょう。 </p><p><img src=17f25fe4daf9aea.jpg></p>
306128,<p>まずかっこいちから！！</p><p><img src=17f28d31ef25047.jpg></p>
307180,<p>字汚くてごめんね??‍♀️</p><p><img src=17f32c921bc6761.jpg></p>
307692,<p>このようになります！ たすき掛け というものを使います！</p><p><img src=17f318fb23f9444.jpg></p>
308496,<p>間違ってたらごめんなさい！</p><p><img src=17f2aa3b09b3170.jpg></p>
309686,<p>以下の通りです</p><p><img src=17f2eb8abccf5d1.jpg></p><p><img src=17f2eb8e6f3077e.jpg></p>
309956,<p>↓y軸を対称の軸として、Bを書くのがポイントです。</p><p><img src=17f2ec6e18e141b.jpg></p>
309992,<p>画像参照してください。</p><p><img src=17f2f234ba4daae.jpg></p>
312948,<p><img src=17f4f82de4d005a.jpg></p>
313076,<p><img src=17f4f855acbe6dc.jpg></p><p>こんな感じですね！疑問点がございましたら遠慮なく仰って下さいね！お疲れ様でした！</p>
313460,<p><img src=17f4f87026171cb.jpg></p><p><img src=17f4f8706533ea1.jpg></p>
313632,<p><img src=17f52d0d42f48b5.jpg></p><p>何桁までかわからなかったので、ここまで求めました。金</p>
314012,<p><img src=17f52d66533f9d4.jpg></p>
314304,<p><img src=17f52d9b2cb4022.jpg></p>
314620,<p><img src=17f52db8665f9d6.jpg></p>
316418,<p><img src=17f52ef3e2b1516.jpg></p><p>今回の問題の解答、解説です。他に気になることがあったら再質問してください。</p>
316578,<p><img src=17f52f0b28511fb.jpeg></p><p><img src=17f52f0b709bea6.jpeg></p><p><img src=17f52f0bc427d8c.jpeg></p><p><img src=17f52f0c0c6db83.jpeg></p><p><img src=17f52f0c42abb5e.jpeg></p><p><img src=17f52f0c8fe69fb.jpeg></p><p><img src=17f52f0ccc42dd6.jpeg></p><p><img src=17f52f0d147a1dc.jpeg></p>
317914,<p><img src=17f52fcadf3ed20.jpg></p><p>不明点があればおっしゃってください！</p><p>こちらの解説でよろしければ、評価、お気に入り先生登録よろしくお願いします！</p>
318264,<p><img src=17f52ff810838c1.jpg></p>
318462,<p><img src=17f53012ca8805f.jpg></p><p>これでどうでしょう</p>
319492,<p><img src=17f53098cdc4731.jpg></p>
319996,<p><img src=17f5311d48a4a38.jpg></p>
320896,<p><img src=17f53196144bac1.jpg></p>
322938,<p><img src=17f532f0d10e979.jpg></p>
324272,<p><img src=17f533976407f90.jpg></p>
324674,<p>掛け算の場合順番は関係がないので、大丈夫です！</p><p><img src=17f533cdf50ca94.jpg></p>
324932,<p><img src=17f5340b19924a0.jpg></p><p>このように考えると良いでしょう</p><p>反例を挙げることができるか、というのは、論理問題を解く上ではかなり重要な要素です。</p><p>一緒に頑張りましょう</p>
327934,<p><img src=17f53595b313ee0.jpg></p>
328452,<p><img src=17f536151ae972a.jpg></p>
969722,<p>こいつ理系っぽいいいいいいいいいいいいいいいいいいいいいいいいいいいいいいいいいいいいいいいいいいい！！！！！！！！！！</p><p><img src=17f925848f630ed.jpg></p>
984404,<p>ネコの形に 似ているからです。</p><p><img src=17f95986a73d55b.jpg></p>
1078866,<p>これ  数字はランダムに変わる</p><p><img src=17faba0ec90bd92.jpg></p>
1444372,<p>(8)と同じ要領で2個とも白の確率求めて 1−(1/5+1/15)とするのが余事象を使う解き方ですが 11/15でないかな  計算で出したいなら他の方の回答を待ってください</p><p><img src=17fd39dd48455a6.jpg></p>
1100478,<p>どうでしょうか？分からなければ教えてください〜</p><p><img src=17fd631401be65d.jpg></p>
1096646,<p><img src=17fd4fea4af23c9.jpg></p><p><img src=17fd4fea74ce04f.jpg></p>
399124,<p><img src=17f0c491d44c003.jpg></p>
399162,<p><img src=17f0c48baf24ea0.jpeg></p><p><img src=17f0c48bf2821ef.jpeg></p>
399520,<p><img src=17f4f6970e64e4f.jpg></p><p>これでどうでしょう</p>
400196,<p><img src=17f4f6cb6792edd.jpg></p>
400422,<p><img src=17f4f6fddceb92e.jpg></p><p>こうなります！</p>
402366,<p>これは平行線の性質を使います  ２つの直線に1つの直線が交わるとき、と書かれているので ふたつの平行線に1つの直線になるように真ん中に全て線を引きます そうするとZの形が見えてきます Zの同位角は等しいので自ずと答えがでてきます。  分からないとこがあれば質問ください????</p><p><img src=17f32a8b0e7bc26.jpg></p><p><img src=17f32a8b2082583.jpg></p><p><img src=17f32a8b45f6b5f.jpg></p>
402436,<p>どうぞ</p><p><img src=17f32a8b5808528.jpg></p>
403066,<p>上から1桁のがい数も同じように1番大きいくらいの数だけ残して四捨五入すればOKです</p><p><img src=17f3057b33f7a5f.jpg></p>
409930,<p>質問への答えになっていなかったらすみません。  画像をクリックしてください。  (個人的備忘です。計算順序)</p><p><img src=17f2c50196d7aa1.jpg></p>
416764,<p><img src=17f52db33aa982a.jpg></p><p>わからない部分があったら聞いてください。</p>
417752,<p><img src=17f52e4e2c6e09e.jpg></p>
417784,<p><img src=17f52e45637a051.jpg></p>
418768,<p><img src=17f52eb7dea2037.jpg></p><p>このようなものでどうでしょうか</p>
419140,<p><img src=17f52ef1c8921c6.jpg></p><p>こうなります</p>
419184,<p><img src=17f52ef4d85aad4.jpg></p>
419536,<p><img src=17f52f0f8dcb3f2.jpg></p>
420936,<p><img src=17f52fa5ce63a7c.jpg></p>
421220,<p><img src=17f52fbdde14929.jpeg></p><p><img src=17f52fbe06ad2f3.jpeg></p>
421298,<p><img src=17f52fcb02100fd.jpg></p><p>こんな感じでどうでしょうか。 分かりにくいところがあれば遠慮なく再質問してくださいね！</p>
422070,<p><img src=17f53014e00c45c.jpg></p><p>解答例です</p>
422346,<p><img src=17f530333c2c9c5.jpg></p>
422744,<p><img src=17f5304d7968d40.jpg></p><p>字が読めなかったり、不明な点などありましたら、遠慮なく仰って下さい。 質問者様のご健闘をお祈りしております。がんばって下さい！</p>
422994,<p><img src=17f5306d1b55f5b.jpg></p>
423508,<p><img src=17f530abcc6ef46.jpg></p>
425454,<p><img src=17f531afddd6d03.jpg></p><p>かけ算割り算⇒足し算割り算 カッコがある際はそこが先です。</p>
425652,<p><img src=17f531ddfe85550.jpg></p><p>分からないこととかあったら言ってください！</p>
425972,<p><img src=17f531ee2b550b4.jpg></p><p>こんにちは！参考にしてみてください！</p>
426068,<p><img src=17f532179ef2cd9.jpg></p>
426120,<p><img src=17f53207113d856.jpg></p>
426674,<p><img src=17f532366f67568.jpg></p><p><img src=17f53236a2a8118.jpg></p><p><img src=17f53236e90733e.jpg></p><p><img src=17f5323710cedab.jpg></p><p><img src=17f5323733419db.jpg></p><p><img src=17f53237748f9e3.jpg></p><p><img src=17f53237a4e4933.jpg></p>
427296,<p><img src=17f532994cfe5b7.jpg></p>
427364,<p><img src=17f532a804d4561.jpg></p><p><img src=17f532a85e76ede.jpg></p>
428134,<p><img src=17f532f54f7f725.jpg></p>
428398,<p><img src=17f5331cca351ef.jpg></p><p><img src=17f5331cfbe8279.jpg></p><p><img src=17f5331d3f4cf68.jpg></p><p>写真に解答を示しました。ご確認ください。解答についての不備やわからない点があればご指摘ご質問お願いします。</p>
428774,<p><img src=17f533386d6e2fe.jpg></p>
428870,<p><img src=17f5334856b053b.jpg></p>
430040,<p><img src=17f533adcc2300e.jpg></p>
430852,<p><img src=17f5340be2de949.jpg></p><p><img src=17f5340c02c280c.jpg></p><p>1枚目が13のやり方です！13の方はそれぞれ全て展開しなくても簡単に計算できます！</p><p>2枚目が15の回答です！ 慣れないうちは全て展開してやっても全然いいと思います！慣れてきたら最後のように一回で出せるようになると思います！</p><p>またわかりにくいところがあれば全然聞いてください！</p>
431528,<p><img src=17f5345e473678e.jpg></p>
432110,<p><img src=17f5349adb45c35.jpg></p>
433344,<p><img src=17f53520fff864b.jpg></p>
433868,<p><img src=17f5354c1a0969e.jpg></p><p>分からないところがあれば、教えて下さい_(._.)_</p>
433960,<p><img src=17f5354a9905f19.jpg></p><p>不明な点はありますか？</p>
437176,<p>ちょっと待ってくださいね！</p><p><img src=17f5dd1bc975f1f.jpg></p>
437798,<p><img src=17f65d468aaefc4.jpg></p>
460654,周の長さが51㎝の六角形ABCDEFがある。AB=10
469188,2)を通り漸近線がy＝+-x+1  という問題です。  答えは  y＝+-x+1より求める双曲線の方程式は  x^2-(y-1)^2=k  とおける。点(2
718148,<p>このように考えました。</p><p><img src=17f8fdd94b03975.jpg></p>
747548,<p><img src=17f98a29ddfe71a.jpg></p><p>いかがでしょうか？ 不明な点があれば指摘して下さい!</p>
998886,<p><img src=17fbe85d0a660d4.jpg></p><p>どうぞ！</p>
753806,<p><img src=17f9b1398ffb11d.jpg></p><p><img src=17f9b139b60576a.jpg></p><p><img src=17f9b139ee8de03.jpg></p>
784570,<p>これでどうでしょうか？ (添付クリックして拡大。)</p><p><img src=17fa49733ebc866.jpg></p>
710212,<p><img src=17f8d74053a6659.jpg></p><p><img src=17f8d7408e5c42e.jpg></p><p>これでどうでしょう</p>
401406,<p><img src=17f0c4876f9ea09.jpg></p><p>こんにちは(*^^*) 解いてみました！ わからなかったら、また言ってくださいね( ‘-^ )b</p>
401642,<p><img src=17f0c490d92dfa0.jpg></p>
401770,<p>小数ではなく普通の整数を考えた時、 例えば100と10だったら100のほうが大きいですよね。これは100の位の数のほうが10の位より桁が大きいからです。 小数も同じで左側の桁の数が大きいほうが数が大きくなります。 0.01と0.1だったら0.1のほうが先に1がきていますよね。0.1は0.01が10こあるとできる数です。</p><p><img src=17f4f6546eef093.jpg></p>
402188,<p><img src=17f4f6b4e2f23c2.jpg></p>
402754,<p><img src=17f4f6f0a63b5b1.jpg></p><p>わかりにくい部分はきいてくださいね！</p>
403488,<p><img src=17f4f739661a72f.jpg></p>
405226,<p>これでいいでしょうか？</p><p><img src=17f261f228fd54a.jpg></p>
405866,<p>語彙力ないですごめんなさい 分からないところあったらコメントしてくれれば！</p><p><img src=17f2698d3820195.jpg></p>
405948,<p>間違ってたらすみません</p><p><img src=17f26872e5ef1ef.jpg></p>
408060,<p>間違っているかもしれませんが、私なりに解いてみました。  参考になればと思います。</p><p><img src=17f28efa5364160.jpg></p>
414170,<p>です。</p><p><img src=17f2f4c5958218d.jpg></p>
417826,<p><img src=17f52d0f01fccff.jpg></p>
418804,<p><img src=17f52da3ef4a4ac.jpg></p>
419076,<p><img src=17f52dd15f84bfe.jpg></p>
419268,<p><img src=17f52dee1214a5d.jpg></p><p>こちらになります。 分かりにくい点があれば気軽に質問して下さい！</p><p>よろしくお願いします！</p>
419510,<p><img src=17f52e0a6581f6b.jpg></p><p>難しいとは思います頑張ってください</p>
420044,<p><img src=17f52e4f24db08e.jpg></p>
421482,<p><img src=17f52ef4b318d58.jpg></p>
422086,<p><img src=17f52f2851769a2.jpg></p><p>まず、問題文から分かっているxとyを代入し、入れ替えたりして見やすくすると連立方程式が解きやすくなると思います。</p><p>あとは、符号間違いなどに気をつけて下さい！</p>
422168,<p><img src=17f52f2cb0cca0e.jpg></p><p>細かい部分で分からないところがあれば質問してください</p>
422258,<p><img src=17f52f37132371a.jpg></p><p>もし分かりにくいところがあったらなんでも聞いてください</p>
422346,<p><img src=17f52f49d9d85ae.jpg></p>
422746,<p><img src=17f52f7431dc3e1.jpg></p><p>質問がありましたら、遠慮なくどうぞ！</p>
422972,<p><img src=17f52f802bfbe32.jpg></p><p>このようになります！</p>
425418,<p><img src=17f530794ef2645.jpg></p><p>解答を作成しましたので確認をお願いします</p>
426814,<p><img src=17f53120e056657.jpg></p>
427638,<p><img src=17f531ad160c711.jpg></p><p>いかがでしょう</p>
430054,<p><img src=17f532d73e92aa6.jpg></p><p>こんな感じです！勉強頑張ってください！</p>
430914,<p><img src=17f5331ffb5242b.png></p><p><img src=17f533201eb8b49.png></p><p><img src=17f5332053f1300.png></p><p><img src=17f53320850dfb6.png></p>
431776,<p><img src=17f53387c906b34.jpg></p>
432276,<p><img src=17f533a64ccb482.jpg></p><p>このようになります！</p>
433328,<p><img src=17f53419e0a344a.jpg></p>
433522,<p><img src=17f53428f724612.jpg></p>
434140,<p><img src=17f5345f7a9e964.jpg></p>
435272,<p>ちょっと待ってくださいね。</p><p><img src=17f534cae716b0a.jpg></p>
435416,<p><img src=17f534d8968aa52.jpg></p><p>分からないところがあれば、仰ってくださいm(_ _)m</p>
436414,<p><img src=17f53566dfdd688.jpg></p><p>こんな感じです</p>
437598,<p><img src=17f535c334d80f0.jpg></p>
446694,<p>一例です。    添付画像のように、  ・赤い円こ1つで→直径2cmの円周の1/4だから2つで→直径2cmの円周の半分  ・黒い円こ1つで→直径4cmの円周の1/4だから2つで→直径4cmの円周の半分  ↓  求める長さは  2×3.14÷2＋4×3.14÷2  =9.42    答え:9.42cm</p><p><img src=17f68ad01b6d462.jpg></p>
448390,<p>質問者さん、ご確認いただきたいのですが  問題文の数値は間違いないでしょうか？  間違いなければこのような 解になりました  よろしければ画像をご参照下さい</p><p><img src=17f68ae818067c3.jpg></p>
474572,<p>(10) 図の直線で囲まれた2つの角を同側内角 と言います。平行線となる時、 同側内角の和が180°になります よってx=180-50=130° または、赤い角は錯角を利用して50° だからx=180-50=130°です。 (11) 三角形の内角と外角の関係。 三角形の外角は、それと隣合わない2つの 内角の和に等しい。 つまり三角形の内角の和は180°という事 と、点Cにおける直線の角は180°が 一致する事から、 Cの外角は残りの角Aと角Bの和となります。 ∠ACD=75+45=120° (12) 円周角の定理です。 xは弧ABの中心角で28°は弧ABの円周角 ですから、x=28°×2=56°  どうでしょ。</p><p><img src=17f68c363549a27.jpg></p>
736326,yが４つの不等式 x≧0
755738,<p><img src=17f9bc5dd14ce25.jpg></p><p>はじめまして^ ^ このようになります。 よろしくお願いします。</p>
832818,<p><img src=17fb66f4022f5d4.jpg></p><p>確率とは少しだけ違うので注意したください。</p>
302858,<p><img src=17f0c4914b40336.jpg></p><p>こちらになります。 確認お願いします(^^)</p>
303020,<p><img src=17f4f66e03f6fef.jpg></p><p>このようになります。</p>
303348,<p><img src=17f4f6b4ad15342.jpg></p><p>理由のところは途中式を書けばokだと思います</p>
307386,<p>(1)兄は10分で2kmなので 60分で12km したがって時速12km (2)弟は60分で4kmより15分で1km 兄のグラフに合わせて15分後に出発した弟のグラフをかくと兄と弟は1kmの地点で出会うことが分かります。</p><p><img src=17f30ed03509339.jpg></p><p><img src=17f30ed06c5b33c.jpg></p>
307408,<p>こうです。 分かりにくいかもです。 字、汚くてすみません。</p><p><img src=17f28577c173f2a.jpg></p>
308384,<p>見にくいかもしれませんが??</p><p><img src=17f2960c5f7bf2e.jpg></p>
309150,<p>2パターン考えてみました(画像参照) 分からないところがあったら遠慮なく聞いてくださいね</p><p><img src=17f2a563d9779d7.jpg></p><p><img src=17f2a56c912ab9e.jpg></p>
313970,<p><img src=17f4f826033eaee.jpg></p><p><img src=17f4f8264c92e19.jpg></p><p>どうぞ！</p>
313976,<p><img src=17f4f81ccd4adeb.jpg></p>
314766,<p><img src=17f52d0e4ceeb38.jpg></p>
315674,<p><img src=17f52db851313cb.jpg></p><p>今回の問題の解答、解説です。他に気になることがあったら再質問してください。</p>
316834,<p><img src=17f52e7989cd052.jpg></p><p><img src=17f52e79d6f7b6f.jpg></p>
316978,<p><img src=17f52e7f8e1c520.jpg></p><p>難しいとは思いますが頑張ってください</p>
318098,<p><img src=17f52f45a9ceb17.jpg></p>
318230,<p><img src=17f52f4b495217d.jpg></p>
318980,<p><img src=17f52fa57d66b19.jpg></p>
319596,<p><img src=17f52d683b9e6fe.jpg></p>
319982,<p><img src=17f5302372f006a.jpg></p><p><img src=17f53023bb818ed.jpg></p><p><img src=17f53024022c0e1.jpg></p><p><img src=17f53024315849b.jpg></p><p><img src=17f530248944819.jpg></p><p><img src=17f53024c9ec4f4.jpg></p><p><img src=17f53025057f863.jpg></p><p><img src=17f530255372db4.jpg></p><p><img src=17f53025a5ab90f.jpg></p><p><img src=17f53025df73535.jpg></p>
320358,<p><img src=17f53061341f412.jpg></p>
320732,<p><img src=17f5309bf46cf77.jpg></p>
321344,<p><img src=17f530f5fde46b4.jpg></p><p>どうぞ！</p>
321982,<p><img src=17f53184f12ed54.jpg></p><p>解答です。 割り算は逆数にして掛け算になおしてから計算します。  分からないところがありましたら、再質問をお願いします。</p>
322338,<p><img src=17f531c20a51707.jpg></p>
323762,<p><img src=17f5329d1661d54.jpg></p>
324006,<p><img src=17f532c51c29dee.jpg></p><p><img src=17f532c55821525.jpg></p><p><img src=17f532c587a937f.jpg></p><p><img src=17f532c5cb9e7a2.jpg></p>
324358,<p><img src=17f532f724d3dc5.jpg></p><p>疑問点などありましたら気軽に質問してください！</p>
325020,<p><img src=17f5334af9f6cbf.jpg></p><p>おはようございます。これでわかりますか？分数がわからないですが？</p>
327044,<p><img src=17f5346d0a02829.jpg></p>
327118,<p><img src=17f5346f882022f.jpg></p><p><img src=17f5346fbf28c60.jpg></p>
328334,<p><img src=17f534f58dff318.jpg></p><p>こんな感じです</p>
328548,<p><img src=17f5352ed7f8bf8.jpg></p>
329750,<p><img src=17f535c5114c27a.jpg></p><p>分からないところがあれば仰ってくださいm(_ _)m</p>
330098,<p><img src=17f5362b1c6b357.jpg></p>
357844,<p>図を見ながらになりますがよかったらどうぞ。一例です。  ◆図①で、 図①は初めの男女数の割合を黒の丸付数字で書いています。 (男子が女子の5倍) ↓ ◆図➁で、 図➁は、男子が10人増えて女子が8人増えたことで、男子が女子の3倍になったので、それの割合を赤い丸付数字で書いています。 なお女子の数は→(➀＋8人) ↓ ◆図③で、 図③は、男子が女子の3倍になったので女子の3倍のようすを書いています。 【（➀＋８人）×3】 ↓ この図から分かることは、赤い縦線を引いている右側の部分で、 ・男子の(➀＋➀＋10人)=8人×3=24人 そこで、➀＋➀=14人になるので、①に対する人数は→14÷➁=7(人)  最初にいた女子の割合は①なので①に対する人数は7人になります。  答え:7人</p><p><img src=17f68c382b77db7.jpg></p>
305460,<p><img src=17f4f6f80ae9f1b.jpg></p>
309598,<p>分からなかったら気軽に質問してねー</p><p><img src=17f31499ee84176.jpg></p>
310002,<p>わからないことがあれば質問して下さい。</p><p><img src=17f297d317dba61.jpg></p>
311078,<p>写真に解説を載せています！質問等、分からないことがあれば聞いてください！</p><p><img src=17f31b2657f6398.jpg></p>
311492,<p>表面積が96だったらこれになります！</p><p><img src=17f31ea700cef37.jpg></p>
312158,<p>丁寧に計算しましょう。</p><p><img src=17f2c5ccb147595.jpg></p>
315574,<p><img src=17f4f823699cbcc.jpg></p>
315678,<p><img src=17f4f82e42a7125.jpg></p><p>分からないところがありましたら質問お待ちしております。</p><p>分かりましたら評価をお願いいたします。</p><p>お気に入り先生登録していただけると嬉しいです。</p>
317724,<p><img src=17f52e1385a682f.jpg></p><p>こうなります！</p>
319520,<p><img src=17f52f1a7a96d8e.jpg></p><p><img src=17f52f1ab5682c7.jpg></p>
319962,<p><img src=17f52f65b0fbd22.jpg></p>
320014,<p><img src=17f52f65724558c.jpg></p>
320144,<p><img src=17f52f78cbda1fc.jpg></p><p>解答に関して疑問があればここで質問してくださいね</p>
320396,<p><img src=17f52f9fc9f1730.jpg></p><p>こんにちは！解答はこのようになると思います</p><p>小数点はびっくりしちゃいますが、下のポイントを参考に考えてみてはいかがでしょうか！</p><p>またわからない点があればいってくださいね(^^)</p><p>頑張ってください！</p>
321322,<p><img src=17f53022619b865.jpg></p><p>このようになります。</p>
322724,<p><img src=17f5311dfc63a19.jpg></p>
323912,<p><img src=17f531f62c89005.jpg></p>
324504,<p><img src=17f53227c939429.jpg></p>
325540,<p><img src=17f532c50404dc0.jpg></p><p><img src=17f532c52c4dc6b.jpg></p>
329602,<p><img src=17f534f53f4b84a.jpg></p>
329660,<p><img src=17f534f6365f627.jpg></p>
329844,<p><img src=17f53512fcf16e8.jpg></p><p>もし良ければ満足度評価、お気に入り登録お願いします！</p>
330496,<p><img src=17f5356a1b0ea8d.jpg></p><p><img src=17f5356a6439315.jpg></p>
330548,<p><img src=17f53591b9427ee.jpg></p>
330652,<p><img src=17f5359f9d0cd38.jpg></p>
330756,<p><img src=17f53593dc1593f.jpg></p><p><img src=17f53594197dbb6.jpg></p><p><img src=17f5359462e18fb.jpg></p><p>これでどうでしょうか？</p>
331576,<p><img src=17f53625267af3a.jpg></p>
337044,<p>このように考えました。</p><p><img src=17f68a9c49a3ca8.jpg></p>
385184,<p>(1)  ABを底辺とみると、底辺7、高さ4の三角形なので  7×4÷2=14    (2)  平行⇔傾きが等しい    なので、直線lの傾きが3であることから、直線mの傾きも3であると分かります。この時点で直線mの式は  y=3x+b    です。また、直線mはA(4
748730,<p>このように考えるといいと思います。</p><p><img src=17f982f638f3976.jpg></p>
782098,<p>方程式は下の画像。  求めたnのうち、n=0はダメ。（３つの「自然数」なので）  よって答えは  「３つの自然数は 3
301270,<p><img src=17f0c48ea0f298b.jpg></p><p>こんな感じでどうでしょう？</p>
301634,<p><img src=17f4f6969c4e9a5.jpg></p>
301636,<p><img src=17f4f67161dd358.jpg></p>
302940,<p><img src=17f4f76ef29efed.jpg></p>
303224,<p><img src=17f4f78aa4d12d6.jpg></p><p><img src=17f4f78dd1790e9.jpg></p><p><img src=17f4f792bb069c2.jpg></p><p><img src=17f4f799e669bdd.jpg></p>
303706,<p>どぞ！</p><p><img src=17f304bd095859c.jpg></p>
313472,<p><img src=17f52d0ddb501c0.jpg></p><p><img src=17f52d0e0aa6e4c.jpg></p><p><img src=17f52d0e42cdaf3.jpg></p><p><img src=17f52d0e7f5d863.jpg></p>
315338,<p><img src=17f52e530994d45.jpg></p>
315932,<p><img src=17f52eb6abdf4da.jpg></p>
316492,<p><img src=17f52f1a4bcd161.jpg></p><p>分からないところがありましたら質問お待ちしております。</p><p>分かりましたら評価をお願いします。</p><p>お気に入りしていただけると嬉しいです。</p>
318064,<p><img src=17f52fdb724970e.jpg></p><p>右下のポイントチェックのところは4.52です。</p>
318418,<p><img src=17f52ffcaa08a97.jpeg></p><p><img src=17f52ffcfe27135.jpeg></p><p><img src=17f52ffd374d452.jpeg></p><p><img src=17f52ffd767bfc9.jpeg></p>
318796,<p><img src=17f5303503d5acc.jpg></p>
318912,<p><img src=17f53045328ce2c.jpg></p>
318958,<p><img src=17f5304edda03c9.jpg></p><p>このようにして表すことが出来ます！</p>
319918,<p><img src=17f530ee8863fc6.jpg></p>
319936,<p><img src=17f530f020a11db.jpg></p>
321840,<p><img src=17f53245dbf50d7.jpg></p><p>概形はこのような形になります。 xを1→0の範囲で計算すると絶対値は正しいですが負になります。 計算自体はあいますので、符号はグラフの概形から判断するようにして解きます。</p>
321964,<p><img src=17f532522375f67.jpg></p><p>四角をそのまま計算して考えています！</p>
322382,<p><img src=17f532a8781abfe.jpg></p>
322654,<p><img src=17f532b73bcd131.jpg></p><p>分からないところがあれば質問して下さい！</p>
322730,<p><img src=17f532c4f1e9bc2.jpg></p>
322848,<p><img src=17f532e524a8445.jpg></p>
324012,<p><img src=17f0c4876f9ea09.jpg></p><p>こんにちは(*^^*) 解いてみました！ わからなかったら、また言ってくださいね( ‘-^ )b</p>
324354,<p><img src=17f533a1efe21f5.jpg></p><p>解答です</p>
324362,<p><img src=17f533a4faa45ef.jpg></p><p>正四角錐の、底面の長さはもしかして切れちゃってますか…⁈</p>
324732,<p><img src=17f533cbfd7af66.jpg></p>
325540,<p><img src=17f534377d0f2c1.jpg></p><p>文字同士、数字同士で計算しましょう</p>
326824,<p><img src=17f530f73e7d1a2.jpg></p>
328100,<p><img src=17f535a04c0e5c0.jpg></p>
330020,<p><img src=17f5d6bf5e49215.jpg></p>
356742,Bのx座標をそれぞれx=-1
403252,<p>2018年です。</p><p><img src=17f68db4f96e9c7.jpg></p>
417740,<p>yはx²²比例することより、  y=kx²    x=-4のとき、y=4より、  (-4)²・k=4  16k=4  k=1/4    y=(1/4)・x².....(こたえ)      (2)  軸の方程式が、x=0  頂点の座標が、(0
302796,<p><img src=17f0c496e8807fd.jpg></p>
304002,<p><img src=17f4f7324639489.jpg></p>
305018,<p><img src=17f4f7a489c19ba.jpg></p><p>こんな感じです</p><p>よろしければ、評価もして頂けると嬉しいです</p>
307686,<p>時間がなくて、見ずらく適当なものになってしまいましたが画像のせました！ 分からないところがありましたら後で回答するので、しつもん下さい??</p><p><img src=17f28cbd7de4600.jpg></p>
310428,<p>こう言う感じだと思います！分からなかったら言ってください！</p><p><img src=17f2bfe1f6904b1.jpg></p>
312280,<p><img src=17f4f7e16d7dcc3.jpg></p>
316632,<p><img src=17f52e33b22b5da.jpg></p>
317854,<p><img src=17f52ef279c068e.jpg></p>
318848,<p><img src=17f52f785f2c0f1.png></p><p><img src=17f52f7891dd96e.png></p><p><img src=17f52f78c7458fb.png></p><p><img src=17f52f790c94070.png></p>
319438,<p><img src=17f52fcd2f35727.jpg></p><p>(2)の問題が不鮮明なので問題自体が間違っていたら教えてください。</p><p>基本的に全て文字式として計算してから代入をして値を求めます。</p>
319566,<p><img src=17f52fdf4f2e4de.jpg></p><p>わからなかったら、気軽に言ってください！</p>
319984,<p><img src=17f53014da2d484.jpg></p>
320182,<p><img src=17f5303f6313c54.jpg></p>
320580,<p><img src=17f5305fc8dd0bd.jpg></p><p>ご質問ありましたらおたずねください！</p>
322374,<p><img src=17f53197b947da2.jpg></p>
323956,<p><img src=17f5329e045613e.jpg></p><p>解答を作成しましたので確認をお願いします</p>
324246,<p><img src=17f532c685135dd.jpg></p><p>以上です</p>
324946,<p><img src=17f5333a41a3a30.jpg></p>
325888,<p><img src=17f533a324cdaff.jpeg></p><p><img src=17f533a3997a739.jpeg></p>
326080,<p><img src=17f533ccd6bb6d7.jpg></p><p>ちょっと分かりにくかったり見えにくかったりしたら教えてください！</p>
326316,<p><img src=17f533c08db39fd.jpg></p>
327652,<p><img src=17f534b836784b9.jpg></p>
327988,<p><img src=17f534d926e635f.jpg></p><p>いかがでしょうか？何かあればまた質問してください！解決したら評価をお願いします！</p>
328172,<p><img src=17f534d80be0636.jpg></p>
328688,<p><img src=17f5354ec7ea96b.jpg></p>
328922,<p><img src=17f5355af578dd8.jpg></p><p>わからないところはきいてくださいね！</p>
329512,<p><img src=17f535b1547b45c.jpg></p>
330280,<p><img src=17f0c48fc3bd296.jpg></p><p><img src=17f0c4900244edc.jpg></p><p><img src=17f0c4906e47997.jpg></p><p><img src=17f0c490e9f83c6.jpg></p><p><img src=17f0c49121d2ce1.jpg></p><p><img src=17f0c4915e33869.jpg></p><p><img src=17f0c491a1da464.jpg></p><p><img src=17f0c491dd5f6a6.jpg></p><p><img src=17f0c4921da3449.jpg></p><p><img src=17f0c49259b291d.jpg></p>
330390,<p><img src=17f0c48e0aec646.jpg></p>
1077764,<p>写真にて解答させていただきました。</p><p><img src=17fbf9400bfc70d.jpg></p>
764044,<p><img src=17f9d1a5f715097.jpg></p><p>相対度数という言葉が出てきて、何を指すのだろうと思うかもしれませんが、言葉の意味さえ知ってしまえば、解けますので 言葉の意味を理解しましょう！</p>
922812,<p><img src=17fbc1c51cd7111.jpg></p><p>分からないところがありましたら質問お待ちしております。</p><p>分かりましたら評価をお願いします。</p><p>お気に入りしていただけると嬉しいです。</p>
305152,<p>分からないところあったら聞いてください！</p><p><img src=17f3068a0c7f8a6.jpg></p>
306268,<p>わかりますか？</p><p><img src=17f27b6cc35089c.jpg></p>
310236,<p>どうですか？ 私も学校で習ったのであっていると思いますが、間違えていたらごめんなさい！</p><p><img src=17f31f6358176f8.jpg></p>
314378,<p><img src=17f52d18080dcbf.jpg></p>
314958,<p><img src=17f52d95891b90d.jpg></p><p>このようになります！</p>
315130,<p><img src=17f52da953b31a8.jpg></p>
315436,<p><img src=17f52de64b16a1d.jpg></p>
317010,<p><img src=17f52ef33095af6.jpg></p>
319328,<p><img src=17f53025bd8c01b.jpg></p>
320642,<p><img src=17f530da5faaca4.jpg></p><p>水槽の形を、どうやって直方体に変えるかがポイントです！</p>
321496,<p><img src=17f53197b02ef7f.jpg></p>
322942,<p><img src=17f53263a1450ab.jpg></p>
324690,<p><img src=17f5336b2eb56f3.jpg></p><p>こんな風になるかと思います</p>
327544,<p><img src=17f534e16abd949.jpg></p>
327740,<p><img src=17f534f2e7b7e86.jpg></p><p>以上です。</p>
328146,<p><img src=17f535226a404c3.jpg></p>
329044,<p><img src=17f535a2996f567.png></p><p><img src=17f535a2ca05259.png></p><p><img src=17f535a32d06eb0.png></p><p><img src=17f535a36ec7107.png></p><p><img src=17f535a393b9e4e.png></p>
329706,<p><img src=17f536186c92a64.jpg></p><p>何かわからないところがありましたらなんでも言ってください</p>
329720,<p><img src=17f5361a94e7a51.jpg></p><p>どうぞ！</p>
382986,4）、C（1
1192032,<p><img src=17fe43d01b25d26.jpg></p>
1298534,<p>こんな感じです！！頑張って下さい♡</p><p><img src=17ff4a983148883.jpg></p>
1359206,<p>これでどうですか？</p><p><img src=17fc14be726ec2a.jpg></p>
304122,<p><img src=17f0c486f155bf3.jpg></p><p>こんな感じです</p>
304574,<p><img src=17f4f670df83405.jpg></p><p><img src=17f4f6713c7aafc.jpg></p><p>わからないところあれば 言ってください〜</p>
304864,<p><img src=17f4f6be3fb5e0f.jpg></p>
304948,<p><img src=17f4f6c10462db0.jpg></p><p>何か疑問があれば教えてください！????‍♂️</p>
305612,<p>水色の部分の面積を求める問題と考察します。</p><p><img src=17f4f73490db28a.jpg></p><p>またわからない事がございましたら、いつでも質問してくださいね。</p>
305892,<p><img src=17f4f747bd76b12.jpg></p>
307062,<p>公式を覚えましょう！こうです！</p><p><img src=17f2621834fb6fe.jpg></p>
313170,<p>sinθで両辺を割っているので場合分けが必要になります。 θの範囲が0≦θ<2π であれば解はθ=0
316466,<p><img src=17f52d1f3fdcb47.jpg></p><p>こうなります</p>
317470,<p><img src=17f52de9167e8ac.jpg></p>
317596,<p><img src=17f52deb9dc2cf1.jpg></p><p><img src=17f52debd0f2769.jpg></p>
318084,<p><img src=17f52e402354522.jpg></p>
319168,<p><img src=17f52ef5043955a.jpg></p><p>どうぞ！</p>
320292,<p>まずは計算しやすいようにyについてる数字を上と下で合わせます。</p><p><img src=17f52f92416b051.jpg></p><p>そこから全体で引き算をしてyを消します。</p><p>xを出して、式にxを代入してyを出して終わりです。</p><p><img src=17f52f928558475.jpg></p>
320848,<p><img src=17f52fda6f45187.jpg></p>
321106,<p><img src=17f52ff94676095.jpg></p>
322576,<p><img src=17f530efbd90033.jpg></p>
323280,<p><img src=17f53174050aabb.jpg></p>
325504,<p><img src=17f532c6e17112a.jpg></p><p>回答しました。ご確認下さい。</p>
326034,<p><img src=17f00529e05569b.jpg></p>
327014,<p><img src=17f5338654e1134.jpg></p>
327022,<p><img src=17f5339713e3abc.jpg></p><p>難しいとは思いますが頑張ってください</p>
327438,<p><img src=17f533d24024bd2.jpg></p>
328834,<p><img src=17f5346e1ba9c35.jpg></p><p><img src=17f5346e54658d8.jpg></p><p><img src=17f5346e8c4604d.jpg></p><p><img src=17f5346eb3fcdb1.jpg></p>
330534,<p><img src=17f5359236466f2.jpg></p>
330916,<p>ちょっと待ってください</p><p><img src=17f535b0071321a.jpg></p><p>よかったら評価お願いします</p>
331792,<p><img src=17f4f6e1ebd20c5.jpg></p><p>以上1枚が解答です。</p>
331826,<p><img src=17f0c48ed4e07e7.jpg></p><p><img src=17f0c48f0268385.jpg></p><p><img src=17f0c48f3ab370f.jpg></p><p><img src=17f0c48f68f95e8.jpg></p><p><img src=17f0c48f93124c6.jpg></p><p>質問等お気軽に</p>
332202,<p>ちょっと待ってください</p><p><img src=17f578a9ebdc8b0.jpg></p>
338694,<p>図にすると，わかりやすいかもしれません。      ねえさんに もらったぶんは，  あおい ぶぶんと，みどりの ぶぶんに なります。    みどりの ぶぶんは，さいしょの ８こと くらべて，ふえたぶん です。  これは，10こと ８この さ です。  だから，ここは 10－８ という けいさんに なります。    あおい ぶぶんは，たべた あめが ふっかつしたぶん です。  だから，これを たします。      という具合です。    図からだけではなく，言葉からもイメージしやすいように  「差」や「復活」などという言葉を使うといいかもしれません。    「差」という言葉を使えば，引き算をするというイメージがわきやすいかな，と思います。  また，６こ食べる，というのは，引き算のイメージがしますが，それは，「わたし」が食べたのであって，  問題は，姉さんがくれた分をきいていますから，  わたしが食べたぶんを「姉さんが復活してくれた」という風に，再生してくれたようなイメージで表現すると，たし算になるイメージがわかりやすいんじゃないかな，  と思います。</p><p><img src=17f68ad8f1b2a86.jpg></p>
400568,<p>上の式なら  両辺5倍  5m=2a-b  b=2a-5m    下の式なら  b/5=2a-m  b=10a-5m  です</p><p><img src=17f68d6bfac25db.jpg></p>
404976,<p>私の組んだエクセルのマクロです。  画像のE14～E23およびJ14～J23のセルには、    =RAND()    という式を入れておく必要があります。    Sub MasuKei100()     MasuKei100 Macro   100マス計算問題の自動発生     Keyboard Shortcut: Ctrl+l     Range(&quot;E14:F23&quot;).Select   ActiveWorkbook.Worksheets(&quot;Sheet1&quot;).Sort.SortFields.Clear   ActiveWorkbook.Worksheets(&quot;Sheet1&quot;).Sort.SortFields.Add Key:=Range(&quot;E14&quot;)
405646,<p>やり方 ① 3つの交点を出す  ② 3つのうちどれか2つの交点の距離を出す（三角形の底辺）  ③ ②で出した直線ともう一つの交点で点と直線の距離をだす。（三角形の高さ）  ④三角形の底辺と高さが出たので「底辺×高さ÷2」で面積が出る。  使う公式は以下の2つです。</p><p><img src=17f68dc180e7a40.jpg></p>
420112,<p>正弦定理を使います  √2/sin30°=c/sin45° c・sin30°=√2・sin45° c=√2・sin45°/sin30° c=√2・√2/2・2 c=2・2/2 c=2  c=AB AB=2</p><p><img src=17f68eabe346a87.jpg></p>
301396,<p>分からない所が有れば再質問してください！</p><p><img src=17f0c492583df05.jpg></p>
301580,<p><img src=17f4f66a99bbc5d.jpg></p><p>確認お願いします</p>
